team1_rush_att,team1_rush_yds,team1_rush_tds,team1_pass_cmp,team1_pass_att,team1_pass_cmp_pct,team1_pass_tds,team1_passer_rating,team1_net_pass_yds,team1_total_yds,team1_times_sacked,team1_fumbles,team1_penalties,team1_penalty_yds,team1_first_downs,team1_third_down_conv,team1_third_down_att,team1_third_down_conv_pct,team1_fourth_down_conv,team1_fourth_down_att,team1_fourth_down_conv_pct,team1_time_of_possession,team2_rush_att,team2_rush_tds,team2_pass_cmp,team2_pass_att,team2_pass_cmp_pct,team2_pass_tds,team2_passer_rating,team2_times_sacked,team2_fumbles,team2_penalties,team2_penalty_yds,team2_first_downs,team2_third_down_conv,team2_third_down_att,team2_third_down_conv_pct,team2_fourth_down_conv,team2_fourth_down_att,team2_fourth_down_conv_pct,team2_time_of_possession,team1_win
18,60,0,42,58,0.724,3,101.437,391,451,1,1,8,55,30,9,17,0.529,0,0,0.0,2067,14,0,32,50,0.64,4,97.0,0,2,11,106,24,5,11,0.455,0,0,0.0,1533,0
31,173,1,27,35,0.771,3,126.369,261,434,1,2,14,89,24,6,13,0.462,0,2,0.0,1862,26,0,21,35,0.6,0,71.607,3,1,12,99,19,3,14,0.214,1,3,0.333,1738,1
25,117,0,30,51,0.588,1,79.698,254,371,3,4,8,81,22,8,18,0.444,1,3,0.333,1997,21,0,18,32,0.562,1,83.854,2,1,5,32,16,4,12,0.333,0,0,0.0,1603,0
27,111,1,24,35,0.686,1,101.964,270,381,1,1,6,38,18,4,14,0.286,0,1,0.0,1880,17,0,20,37,0.541,2,82.939,6,1,5,30,16,4,13,0.308,1,2,0.5,1720,1
36,149,1,20,27,0.741,2,128.781,217,366,5,0,3,15,20,3,14,0.214,2,3,0.667,2091,22,1,37,50,0.74,2,107.25,3,1,12,116,24,6,16,0.375,2,2,1.0,2109,1
27,140,0,18,23,0.783,4,152.264,241,381,3,1,7,53,18,4,9,0.444,0,0,0.0,1453,30,0,25,38,0.658,2,101.974,3,1,2,16,23,5,13,0.385,0,3,0.0,2147,1
33,136,1,21,32,0.656,4,120.964,280,416,2,1,8,59,22,7,13,0.538,0,0,0.0,2001,22,1,22,36,0.611,1,75.926,6,2,7,57,17,5,14,0.357,1,3,0.333,1599,1
24,116,1,38,57,0.667,3,92.58,314,430,3,0,5,45,31,4,15,0.267,2,5,0.4,2007,28,2,18,26,0.692,2,136.538,1,2,7,79,21,3,9,0.333,0,0,0.0,1593,0
16,76,0,28,51,0.549,3,70.057,319,395,1,1,10,82,20,3,11,0.273,1,1,1.0,1496,41,2,21,33,0.636,2,112.058,1,1,5,50,22,12,21,0.571,0,0,0.0,2104,0
27,126,0,14,21,0.667,1,100.298,133,259,1,3,8,57,15,3,10,0.3,1,1,1.0,1437,29,1,31,47,0.66,1,85.151,2,2,6,94,27,14,19,0.737,0,0,0.0,2163,0
26,153,4,21,28,0.75,0,97.47,304,457,2,2,5,30,24,2,7,0.286,3,4,0.75,1633,23,1,27,36,0.75,3,131.366,2,0,5,36,21,9,13,0.692,0,0,0.0,1967,0
28,165,1,28,36,0.778,2,115.741,255,420,2,1,5,51,24,7,15,0.467,3,3,1.0,2108,20,1,22,37,0.595,1,90.709,2,1,4,48,19,6,12,0.5,1,3,0.333,1492,1
39,171,0,15,21,0.714,5,131.151,151,322,0,0,6,36,22,5,10,0.5,2,2,1.0,2076,15,0,20,35,0.571,0,49.821,2,1,5,33,14,1,10,0.1,2,3,0.667,1524,1
30,125,0,29,39,0.744,1,102.618,268,393,1,4,8,84,24,11,16,0.688,0,0,0.0,2203,23,1,16,27,0.593,1,79.552,2,0,5,28,16,4,11,0.364,0,0,0.0,1397,0
26,134,2,29,40,0.725,0,74.583,188,322,3,1,3,35,24,5,11,0.455,0,4,0.0,2114,23,1,20,26,0.769,3,156.09,1,0,4,36,18,6,11,0.545,1,1,1.0,1486,0
21,82,2,34,56,0.607,2,89.509,409,491,3,1,10,62,26,7,15,0.467,0,1,0.0,2048,34,2,19,30,0.633,1,98.611,3,4,5,71,20,3,12,0.25,1,2,0.5,1934,1
22,87,1,34,46,0.739,2,99.547,320,407,1,0,9,80,25,4,13,0.308,2,2,1.0,1696,28,1,22,32,0.688,1,102.214,4,0,11,81,21,4,12,0.333,0,0,0.0,1904,1
30,143,3,17,33,0.515,2,75.189,171,314,1,2,6,53,21,7,13,0.538,1,1,1.0,1706,20,0,25,44,0.568,0,57.197,6,3,9,83,13,8,18,0.444,0,4,0.0,1894,1
17,48,1,11,22,0.5,0,26.894,80,128,4,0,11,115,6,2,11,0.182,0,2,0.0,1288,33,1,26,38,0.684,2,99.123,2,1,5,49,28,8,15,0.533,0,0,0.0,2312,0
34,123,0,15,24,0.625,1,70.833,83,206,3,1,8,70,16,6,15,0.4,0,1,0.0,1881,20,0,19,30,0.633,2,66.25,5,1,4,57,14,6,13,0.462,0,1,0.0,1719,1
34,156,3,19,21,0.905,1,104.96,199,355,2,3,5,62,22,4,9,0.444,0,0,0.0,2105,28,1,18,29,0.621,2,95.043,1,2,9,78,17,8,14,0.571,0,0,0.0,1495,1
26,109,0,22,36,0.611,1,70.602,245,354,3,0,3,25,22,5,11,0.455,0,1,0.0,1892,29,1,19,30,0.633,2,101.806,1,2,2,15,21,3,9,0.333,0,1,0.0,1708,0
30,96,0,26,34,0.765,2,125.613,302,398,3,0,10,101,22,2,11,0.182,2,2,1.0,2332,16,0,14,33,0.424,1,37.184,1,0,7,70,12,4,11,0.364,1,1,1.0,1268,1
24,101,2,22,30,0.733,0,89.028,159,260,3,1,6,54,17,3,12,0.25,0,0,0.0,1672,31,0,19,33,0.576,0,36.995,4,0,8,77,18,5,13,0.385,1,3,0.333,1928,1
38,117,1,22,30,0.733,1,100.556,189,306,0,2,5,60,23,6,14,0.429,1,1,1.0,2094,29,1,12,24,0.5,0,76.736,2,1,8,57,18,5,12,0.417,0,1,0.0,1506,1
25,52,0,28,37,0.757,2,126.182,373,425,2,2,5,40,22,5,13,0.385,1,1,1.0,2062,14,1,27,40,0.675,1,86.979,2,1,5,43,17,5,12,0.417,0,1,0.0,1538,1
21,82,0,24,36,0.667,5,129.167,259,341,3,2,9,83,21,4,12,0.333,1,2,0.5,1589,20,1,35,48,0.729,2,76.736,1,1,6,49,19,6,15,0.4,1,4,0.25,2011,1
27,177,0,22,32,0.688,3,122.396,242,419,1,2,3,16,22,2,10,0.2,0,0,0.0,1688,21,1,29,36,0.806,3,117.593,3,1,5,40,21,3,9,0.333,1,1,1.0,1912,0
31,198,2,23,27,0.852,0,87.809,221,419,2,1,8,76,25,6,10,0.6,0,1,0.0,1743,19,0,31,41,0.756,1,87.246,2,0,12,99,24,5,12,0.417,1,1,1.0,1857,1
18,77,2,22,31,0.71,2,128.831,320,397,3,0,10,100,17,4,12,0.333,0,0,0.0,1362,40,3,27,40,0.675,0,94.479,3,1,5,45,33,6,14,0.429,0,1,0.0,2553,0
18,62,1,24,31,0.774,3,131.519,343,405,0,2,5,46,22,1,6,0.167,0,0,0.0,1441,41,3,18,26,0.692,1,78.846,1,1,8,55,31,6,11,0.545,1,1,1.0,2159,0
31,96,1,22,27,0.815,4,145.602,227,323,3,0,5,50,25,5,9,0.556,0,0,0.0,2005,19,0,26,36,0.722,2,97.685,1,2,9,78,19,4,9,0.444,0,2,0.0,1595,1
17,42,0,19,28,0.679,1,95.536,151,193,4,2,7,51,14,1,9,0.111,0,1,0.0,1455,33,3,23,34,0.676,0,95.711,3,2,8,64,28,5,11,0.455,0,1,0.0,2145,0
20,69,0,27,36,0.75,2,111.227,227,296,3,1,4,28,18,5,13,0.385,0,0,0.0,1689,27,1,24,35,0.686,0,90.893,2,3,8,53,21,7,14,0.5,0,0,0.0,1911,1
33,122,1,33,44,0.75,4,128.883,359,481,0,0,5,30,29,9,15,0.6,0,1,0.0,2137,25,1,14,24,0.583,2,80.556,1,2,5,38,13,2,11,0.182,1,2,0.5,1463,1
13,46,0,6,20,0.3,0,41.25,1,47,9,1,5,49,6,1,11,0.091,0,1,0.0,1226,42,1,19,31,0.613,1,96.976,5,0,7,98,26,8,17,0.471,1,3,0.333,2374,0
24,96,0,14,18,0.778,3,122.917,172,268,0,0,10,89,12,3,9,0.333,0,0,0.0,1478,15,0,38,58,0.655,1,70.905,4,1,10,73,21,9,19,0.474,0,2,0.0,2122,1
18,87,1,19,37,0.514,0,66.723,178,265,2,1,4,66,19,3,12,0.25,2,2,1.0,1554,37,0,18,27,0.667,3,94.213,1,1,4,24,24,6,12,0.5,1,1,1.0,2046,0
30,91,3,28,34,0.824,0,93.137,316,407,0,1,7,58,23,1,9,0.111,2,2,1.0,1974,29,1,22,34,0.647,1,68.137,3,4,4,40,20,2,11,0.182,1,1,1.0,1626,1
27,93,2,22,31,0.71,0,90.39,192,285,2,0,7,35,22,3,10,0.3,0,0,0.0,1953,22,0,16,31,0.516,1,80.981,4,1,6,69,15,1,10,0.1,1,1,1.0,1647,0
22,77,0,26,38,0.684,4,125.0,275,352,1,1,8,50,21,4,11,0.364,1,1,1.0,1649,30,0,27,44,0.614,3,81.629,2,2,6,56,33,6,10,0.6,0,0,0.0,1951,1
38,142,1,13,21,0.619,2,110.813,110,252,3,0,2,15,19,6,13,0.462,0,0,0.0,1968,17,0,30,51,0.588,1,55.188,2,0,4,30,16,7,19,0.368,2,3,0.667,1632,1
37,120,2,19,25,0.76,0,104.583,223,343,2,1,6,50,23,4,11,0.364,0,0,0.0,2147,13,0,19,35,0.543,0,42.56,5,0,9,90,11,4,13,0.308,0,2,0.0,1453,1
35,140,1,26,43,0.605,2,95.688,357,497,3,2,8,104,28,8,15,0.533,0,1,0.0,2327,27,2,32,49,0.653,0,74.787,2,2,8,68,22,6,18,0.333,3,4,0.75,1873,1
18,106,1,23,32,0.719,1,111.198,283,389,2,0,4,35,21,3,8,0.375,0,1,0.0,1447,34,0,30,38,0.789,3,128.399,1,1,4,40,28,9,14,0.643,0,0,0.0,2153,0
13,35,2,41,55,0.745,1,102.992,411,446,3,2,7,41,27,6,13,0.462,1,2,0.5,1790,24,0,27,38,0.711,4,133.991,1,1,1,4,22,10,15,0.667,0,0,0.0,1810,0
25,100,1,23,33,0.697,2,113.321,253,353,1,1,7,87,21,5,11,0.455,0,1,0.0,1808,21,2,25,40,0.625,2,87.188,4,2,4,86,26,7,11,0.636,0,0,0.0,1792,1
41,160,2,21,26,0.808,3,143.269,220,380,4,2,4,37,27,6,12,0.5,1,2,0.5,2098,12,0,25,39,0.641,2,86.058,2,0,13,86,12,4,12,0.333,0,2,0.0,1502,1
22,78,1,25,32,0.781,2,132.812,342,420,1,0,6,38,21,5,9,0.556,0,0,0.0,1875,30,3,17,24,0.708,0,96.528,1,1,2,10,21,6,12,0.5,1,2,0.5,1725,1
28,122,1,23,33,0.697,3,127.083,290,412,1,0,6,85,26,4,9,0.444,1,2,0.5,1757,28,0,25,42,0.595,4,111.508,1,1,7,36,24,10,16,0.625,0,0,0.0,1843,1
40,199,2,21,31,0.677,2,101.008,251,450,1,3,3,30,26,5,12,0.417,1,2,0.5,2295,18,0,11,21,0.524,0,23.413,3,2,10,100,6,1,9,0.111,1,2,0.5,1305,1
34,245,1,14,22,0.636,4,130.303,188,433,0,1,7,50,24,3,9,0.333,1,1,1.0,1584,24,2,26,39,0.667,2,85.524,5,0,6,32,24,4,13,0.308,3,3,1.0,2016,1
39,188,3,11,17,0.647,0,82.721,185,373,1,1,7,61,20,1,8,0.125,1,1,1.0,1723,25,0,24,38,0.632,2,105.044,4,3,4,26,23,4,11,0.364,1,3,0.333,1877,1
23,65,0,20,38,0.526,1,66.009,190,255,2,0,7,42,16,5,16,0.312,1,3,0.333,1468,38,1,15,33,0.455,0,59.533,3,0,7,73,20,7,18,0.389,0,1,0.0,2132,0
33,139,1,24,32,0.75,2,115.104,210,349,2,1,8,86,20,6,15,0.4,1,1,1.0,2229,16,0,20,30,0.667,2,107.5,3,3,5,32,13,3,11,0.273,2,2,1.0,1371,1
19,103,1,32,48,0.667,2,105.122,358,461,3,2,9,49,30,6,12,0.5,1,2,0.5,1748,32,1,24,30,0.8,5,130.972,1,1,7,46,31,9,10,0.9,0,0,0.0,1852,0
39,170,2,19,26,0.731,1,97.436,235,405,0,0,5,35,21,8,13,0.615,0,1,0.0,2251,20,1,28,40,0.7,2,108.542,0,2,3,25,21,4,11,0.364,0,0,0.0,1655,0
37,177,1,30,49,0.612,1,85.247,253,430,7,1,8,98,30,5,19,0.263,2,3,0.667,2442,25,1,21,34,0.618,2,97.304,1,3,6,65,16,6,14,0.429,0,0,0.0,1743,0
40,216,2,24,32,0.75,2,120.312,249,465,3,1,7,63,27,8,13,0.615,0,0,0.0,2110,23,0,26,41,0.634,2,89.482,0,1,5,36,24,6,11,0.545,0,1,0.0,1490,1
28,105,2,16,23,0.696,2,116.033,129,234,3,3,5,27,14,2,10,0.2,0,0,0.0,1700,29,0,23,41,0.561,3,95.783,2,1,8,78,23,2,14,0.143,3,4,0.75,1900,1
17,106,0,19,37,0.514,1,62.669,148,254,5,0,4,25,15,3,14,0.214,0,0,0.0,1613,30,1,22,37,0.595,1,96.227,3,0,6,55,20,7,17,0.412,0,0,0.0,1987,0
33,131,1,20,36,0.556,2,95.602,236,367,3,1,3,25,23,9,15,0.6,0,1,0.0,2081,16,1,26,40,0.65,1,78.333,2,1,5,34,17,4,11,0.364,0,2,0.0,1519,1
30,120,1,22,43,0.512,0,70.785,261,381,1,0,7,74,22,9,19,0.474,0,0,0.0,2035,8,0,33,42,0.786,2,104.365,4,1,8,77,20,2,9,0.222,0,0,0.0,1565,1
18,48,0,21,34,0.618,2,84.926,165,213,4,2,7,58,13,4,13,0.308,1,3,0.333,1518,34,1,25,39,0.641,3,104.861,2,0,7,105,25,4,13,0.308,2,3,0.667,2082,0
25,92,0,21,33,0.636,2,85.795,262,354,2,0,3,20,22,4,10,0.4,0,1,0.0,1617,29,2,25,37,0.676,1,97.241,1,1,5,85,24,2,10,0.2,1,1,1.0,1983,0
29,108,1,33,46,0.717,2,107.337,342,450,0,3,4,66,28,9,14,0.643,1,1,1.0,2154,18,2,19,32,0.594,0,63.542,2,1,7,58,17,5,10,0.5,0,0,0.0,1446,1
22,91,2,22,37,0.595,0,62.669,182,273,2,2,6,60,15,4,13,0.308,0,1,0.0,1497,30,0,21,37,0.568,1,44.538,3,0,9,69,17,5,15,0.333,0,0,0.0,2103,1
24,103,1,26,38,0.684,2,85.526,264,367,3,0,2,21,18,5,14,0.357,2,2,1.0,2046,22,0,27,39,0.692,2,102.938,2,0,2,10,21,4,11,0.364,0,0,0.0,2039,0
18,106,0,24,38,0.632,2,92.873,268,374,2,0,7,67,17,2,12,0.167,3,4,0.75,1618,35,1,15,25,0.6,2,120.917,1,1,8,59,19,7,12,0.583,0,0,0.0,1982,0
28,120,0,25,34,0.735,1,94.608,264,384,2,1,7,74,18,5,13,0.385,0,0,0.0,1926,24,1,21,35,0.6,0,64.345,4,1,3,30,22,3,11,0.273,0,1,0.0,1674,1
24,67,0,21,29,0.724,3,141.739,293,360,3,1,8,70,14,6,14,0.429,3,3,1.0,1756,30,1,23,30,0.767,1,95.278,1,1,5,27,21,6,11,0.545,0,0,0.0,1844,0
31,198,2,23,33,0.697,1,92.109,256,454,2,1,4,33,24,3,10,0.3,1,3,0.333,1710,36,3,14,22,0.636,1,107.576,3,0,7,44,23,5,11,0.455,1,1,1.0,1890,0
25,121,1,33,44,0.75,5,145.265,437,558,2,0,6,47,33,8,11,0.727,0,0,0.0,2227,9,0,27,39,0.692,2,95.566,3,1,5,37,17,2,7,0.286,0,0,0.0,1373,1
33,131,2,20,41,0.488,0,47.612,242,373,2,0,5,37,26,5,16,0.312,1,3,0.333,2186,23,1,15,30,0.5,4,108.194,2,1,6,45,18,4,11,0.364,1,1,1.0,1414,0
37,143,1,13,21,0.619,1,93.155,109,252,2,1,8,70,19,6,13,0.462,0,0,0.0,1922,22,1,22,35,0.629,0,67.083,3,0,10,82,16,5,14,0.357,1,3,0.333,1678,1
35,230,3,23,32,0.719,2,122.526,301,531,1,1,7,77,25,4,12,0.333,1,3,0.333,2188,23,3,26,43,0.605,4,122.045,2,2,6,49,27,6,13,0.462,3,3,1.0,1412,0
27,94,1,22,31,0.71,1,104.099,210,304,2,4,6,62,20,3,10,0.3,0,0,0.0,1686,28,1,15,29,0.517,0,58.405,2,0,7,60,19,3,11,0.273,1,5,0.2,1914,1
39,201,1,23,33,0.697,3,118.75,314,515,2,2,8,58,26,8,14,0.571,1,2,0.5,1932,25,1,21,39,0.538,1,65.545,0,1,5,48,20,4,13,0.308,2,3,0.667,1668,1
28,121,1,15,26,0.577,3,139.103,315,436,0,0,10,103,20,5,11,0.455,0,0,0.0,1655,23,0,33,54,0.611,2,70.91,2,2,7,55,29,5,12,0.417,0,1,0.0,1945,1
26,123,1,25,35,0.714,2,128.512,390,513,2,1,5,45,29,5,10,0.5,1,1,1.0,1845,25,0,37,43,0.86,4,140.504,2,1,8,74,30,3,8,0.375,0,0,0.0,2031,0
31,102,2,34,42,0.81,2,102.083,297,399,0,0,7,120,27,7,13,0.538,0,1,0.0,2396,19,2,12,26,0.462,1,55.769,2,0,4,41,16,3,10,0.3,1,1,1.0,1204,1
19,84,1,25,41,0.61,1,93.445,312,396,2,1,8,54,21,3,12,0.25,2,3,0.667,1640,20,0,34,48,0.708,2,97.049,0,1,7,55,23,9,17,0.529,1,2,0.5,1960,1
36,198,1,33,48,0.688,3,112.587,373,571,0,4,11,98,26,7,16,0.438,0,0,0.0,2258,23,1,17,41,0.415,1,55.64,4,2,6,28,20,2,12,0.167,2,2,1.0,1594,1
26,140,1,16,27,0.593,1,75.231,137,277,4,1,7,54,21,4,11,0.364,1,2,0.5,1663,31,1,17,23,0.739,2,127.989,3,0,3,51,22,2,8,0.25,1,1,1.0,1937,0
36,142,0,20,30,0.667,4,121.944,256,398,2,1,4,31,20,8,15,0.533,2,2,1.0,2152,18,1,28,42,0.667,0,67.758,1,0,9,77,15,5,14,0.357,1,2,0.5,1448,1
26,174,2,11,20,0.55,2,127.708,214,388,2,0,2,10,15,3,10,0.3,1,1,1.0,1527,29,0,29,43,0.674,0,62.452,2,1,4,25,19,9,17,0.529,1,2,0.5,2073,1
19,94,0,24,39,0.615,1,70.673,182,276,0,1,6,44,15,7,14,0.5,0,0,0.0,1567,28,2,32,47,0.681,2,90.47,3,2,5,47,29,11,17,0.647,1,2,0.5,2033,0
18,60,1,29,51,0.569,0,44.73,201,261,4,2,5,27,21,4,15,0.267,2,4,0.5,1658,34,1,22,30,0.733,4,109.861,2,1,7,50,22,2,11,0.182,2,2,1.0,1942,0
12,26,0,22,39,0.564,1,67.788,182,208,2,0,4,35,14,3,12,0.25,1,4,0.25,1313,38,3,19,27,0.704,1,67.978,3,2,2,15,27,6,11,0.545,0,0,0.0,2287,0
37,144,0,20,30,0.667,4,129.028,208,352,2,4,5,45,24,8,15,0.533,1,1,1.0,2079,19,0,20,31,0.645,2,96.169,5,2,9,88,16,3,10,0.3,1,4,0.25,1521,1
31,122,0,36,51,0.706,3,108.701,445,567,0,2,12,115,32,3,13,0.231,2,4,0.5,2357,27,2,15,21,0.714,2,118.948,2,1,5,47,17,3,9,0.333,0,0,0.0,1611,1
23,112,0,35,49,0.714,3,84.906,309,421,5,1,6,53,25,5,14,0.357,1,3,0.333,2073,23,2,18,27,0.667,2,134.414,2,1,6,54,16,4,11,0.364,0,0,0.0,1527,0
27,144,1,23,32,0.719,1,99.609,165,309,5,3,6,45,18,3,12,0.25,0,0,0.0,1777,30,1,29,40,0.725,1,94.688,1,1,5,38,22,5,14,0.357,0,0,0.0,2253,0
23,82,0,35,47,0.745,3,107.846,335,417,3,1,8,60,28,7,13,0.538,0,1,0.0,1970,22,4,18,29,0.621,0,70.474,0,0,7,91,16,4,10,0.4,1,1,1.0,1630,0
14,41,0,23,33,0.697,2,91.351,182,223,2,0,2,15,15,5,11,0.455,1,1,1.0,1389,33,1,21,33,0.636,1,90.341,1,0,9,60,23,9,15,0.6,1,1,1.0,2211,0
22,72,1,25,40,0.625,2,95.417,325,397,1,1,3,29,21,6,13,0.462,0,0,0.0,1522,29,0,32,40,0.8,4,109.479,1,0,6,44,27,7,11,0.636,0,0,0.0,2078,1
17,56,0,19,39,0.487,0,47.489,117,173,6,0,7,37,11,2,15,0.133,2,4,0.5,1525,31,1,24,34,0.706,1,97.549,2,1,8,60,21,7,16,0.438,0,1,0.0,2075,0
24,111,2,23,38,0.605,3,113.487,409,520,1,1,1,5,19,4,13,0.308,1,2,0.5,1691,24,1,20,42,0.476,1,79.067,5,1,5,46,20,5,16,0.312,1,4,0.25,1909,1
29,195,0,25,37,0.676,1,86.318,235,430,4,4,4,50,25,4,11,0.364,1,4,0.25,1974,15,0,27,35,0.771,3,127.56,3,2,4,36,19,6,12,0.5,1,1,1.0,1626,0
35,103,1,22,28,0.786,2,116.518,266,369,1,0,6,31,24,8,12,0.667,0,0,0.0,2181,13,0,31,51,0.608,0,68.096,4,3,9,77,22,4,11,0.364,2,3,0.667,1419,1
32,148,4,28,41,0.683,3,125.152,403,551,1,0,6,95,32,7,12,0.583,1,1,1.0,1932,17,1,26,42,0.619,1,66.865,2,1,5,29,18,7,13,0.538,0,2,0.0,1668,1
28,137,0,23,37,0.622,1,72.466,278,415,2,0,8,77,19,6,15,0.4,2,3,0.667,1960,19,0,28,41,0.683,3,117.327,1,0,4,35,22,9,13,0.692,0,1,0.0,1640,0
29,119,2,31,34,0.912,2,113.603,323,442,0,0,7,65,23,3,9,0.333,1,1,1.0,1951,32,1,18,34,0.529,2,94.73,2,3,4,37,22,6,13,0.462,2,3,0.667,1649,1
29,143,0,22,32,0.688,0,44.271,168,311,4,4,4,32,17,2,11,0.182,0,1,0.0,1735,31,1,22,39,0.564,4,107.425,0,2,1,10,28,4,12,0.333,1,2,0.5,1865,0
37,172,1,20,28,0.714,3,121.28,225,397,4,1,7,54,24,6,12,0.5,1,1,1.0,2043,15,0,23,32,0.719,0,79.557,2,1,8,80,8,2,13,0.154,0,2,0.0,1557,1
24,111,1,16,27,0.593,1,60.88,169,280,2,3,7,122,13,1,11,0.091,0,0,0.0,1564,33,2,17,26,0.654,2,106.25,1,4,6,45,17,6,14,0.429,1,1,1.0,2036,0
28,90,0,12,22,0.545,1,94.318,129,219,5,0,6,53,14,3,12,0.25,0,1,0.0,1631,31,0,19,35,0.543,1,83.274,2,2,7,90,21,2,13,0.154,2,2,1.0,1969,0
34,151,1,22,37,0.595,2,90.372,184,335,1,2,7,60,24,6,14,0.429,2,4,0.5,2255,20,3,22,33,0.667,0,66.982,2,2,7,59,22,4,10,0.4,2,2,1.0,1345,1
47,203,1,13,25,0.52,0,66.917,129,332,0,1,8,76,21,10,17,0.588,0,0,0.0,2123,20,0,20,27,0.741,1,67.824,3,1,3,15,17,3,10,0.3,1,1,1.0,1477,1
23,102,1,29,43,0.674,2,97.917,249,351,0,1,9,80,24,6,13,0.462,0,1,0.0,1847,23,1,21,39,0.538,0,58.173,2,2,9,58,16,4,14,0.286,1,1,1.0,1753,1
36,176,1,19,27,0.704,1,84.645,148,324,4,3,4,30,22,8,15,0.533,1,1,1.0,2209,26,3,17,28,0.607,0,100.595,0,0,7,55,21,4,10,0.4,1,1,1.0,1391,0
16,41,1,22,35,0.629,3,107.44,277,318,3,1,5,51,18,4,10,0.4,0,1,0.0,1419,27,1,39,49,0.796,3,105.952,2,1,8,46,32,6,11,0.545,0,0,0.0,2181,0
23,96,1,20,31,0.645,0,86.089,210,306,4,1,5,30,19,3,10,0.3,0,2,0.0,1695,32,1,22,35,0.629,1,95.655,2,1,8,65,21,4,13,0.308,2,4,0.5,1905,0
20,83,1,27,51,0.529,3,68.342,224,307,1,2,9,75,24,7,16,0.438,2,3,0.667,1858,31,0,23,34,0.676,3,95.833,3,1,11,161,18,8,17,0.471,2,2,1.0,2099,0
18,57,1,25,34,0.735,0,90.564,171,228,6,3,8,50,15,5,14,0.357,2,5,0.4,1500,46,4,11,16,0.688,0,89.062,0,0,2,15,27,5,10,0.5,0,0,0.0,2100,0
14,44,1,29,39,0.744,2,103.579,279,323,5,2,6,38,18,4,12,0.333,0,0,0.0,1585,31,2,22,34,0.647,3,123.407,1,0,3,20,26,4,11,0.364,0,1,0.0,2015,0
25,69,1,20,24,0.833,2,128.299,160,229,3,0,5,40,17,3,10,0.3,1,1,1.0,1711,19,0,32,54,0.593,1,68.287,1,0,12,93,20,5,14,0.357,1,4,0.25,1889,1
20,163,1,18,35,0.514,2,66.726,206,369,3,0,5,40,17,4,12,0.333,1,1,1.0,1476,39,1,18,35,0.514,0,70.774,1,1,4,30,21,9,19,0.474,0,1,0.0,2124,0
32,152,1,22,39,0.564,2,89.156,209,361,1,1,2,10,26,5,14,0.357,2,3,0.667,1996,14,0,28,41,0.683,4,109.299,3,1,11,99,16,8,13,0.615,0,1,0.0,1604,1
21,83,1,19,26,0.731,1,109.936,190,273,4,1,4,35,17,7,13,0.538,0,0,0.0,1690,24,0,24,39,0.615,1,69.391,5,2,4,29,21,5,14,0.357,1,5,0.2,1910,1
24,101,0,23,36,0.639,1,85.88,177,278,1,1,7,57,17,1,13,0.077,1,2,0.5,1648,24,0,25,41,0.61,2,95.579,3,2,11,96,23,7,14,0.5,0,0,0.0,1952,0
20,72,0,23,33,0.697,2,98.169,228,300,3,2,10,88,18,4,12,0.333,1,2,0.5,1522,27,1,29,48,0.604,1,74.566,2,2,12,103,29,5,12,0.417,0,0,0.0,2078,0
30,260,3,22,30,0.733,3,134.306,272,532,1,2,2,22,28,5,10,0.5,1,2,0.5,1827,21,0,34,52,0.654,4,107.212,2,1,7,43,30,8,14,0.571,1,1,1.0,1773,1
25,109,1,27,43,0.628,2,97.238,267,376,1,1,10,74,26,3,10,0.3,0,1,0.0,1941,25,1,23,30,0.767,2,135.833,2,2,6,76,18,5,13,0.385,0,1,0.0,1659,0
14,72,0,31,47,0.66,0,62.722,229,301,4,2,12,118,17,6,15,0.4,0,1,0.0,1838,27,0,17,28,0.607,0,75.149,2,1,8,54,16,2,13,0.154,2,2,1.0,1762,0
41,190,2,19,28,0.679,1,107.589,217,407,4,0,5,37,23,8,15,0.533,0,0,0.0,2472,16,0,19,39,0.487,2,73.878,2,2,5,38,14,5,13,0.385,0,4,0.0,1128,1
24,131,1,17,28,0.607,2,104.315,187,318,0,0,8,107,13,5,14,0.357,2,2,1.0,1420,45,1,27,41,0.659,3,88.059,3,0,8,61,36,6,15,0.4,3,3,1.0,2764,0
39,151,1,12,18,0.667,1,85.185,122,273,2,3,6,35,17,6,14,0.429,1,1,1.0,1949,23,0,16,33,0.485,0,26.326,1,2,10,83,13,3,11,0.273,0,1,0.0,1651,1
23,85,2,29,42,0.69,0,68.353,263,348,5,4,4,31,25,3,11,0.273,0,2,0.0,2122,23,2,14,21,0.667,2,132.639,2,2,10,84,14,3,9,0.333,0,0,0.0,1478,0
18,73,0,24,44,0.545,0,41.856,199,272,5,1,8,60,14,6,17,0.353,1,1,1.0,1782,25,1,26,43,0.605,1,64.486,4,3,2,13,22,9,16,0.562,0,0,0.0,1912,0
20,117,0,30,46,0.652,1,72.373,286,403,1,2,6,65,24,4,12,0.333,1,1,1.0,1789,31,0,15,20,0.75,1,104.167,3,1,4,35,16,6,12,0.5,0,0,0.0,1811,0
27,89,1,32,38,0.842,2,123.246,356,445,0,0,4,30,28,5,10,0.5,2,4,0.5,2017,39,2,11,17,0.647,1,115.319,1,1,3,25,20,8,12,0.667,0,0,0.0,1583,1
39,163,3,23,27,0.852,1,122.531,274,437,2,1,9,84,22,7,15,0.467,1,2,0.5,2207,11,0,28,40,0.7,2,100.625,5,2,3,35,22,4,10,0.4,0,0,0.0,1393,1
25,122,0,19,34,0.559,1,69.485,179,301,1,3,4,19,19,2,12,0.167,2,3,0.667,1893,25,0,20,37,0.541,1,74.831,1,1,6,33,14,5,14,0.357,1,2,0.5,1707,0
26,69,2,19,27,0.704,1,79.707,125,194,3,0,4,19,16,4,12,0.333,2,2,1.0,1659,21,0,31,48,0.646,1,71.007,5,0,12,115,22,4,15,0.267,2,3,0.667,1941,1
26,136,1,17,29,0.586,1,89.871,278,414,3,1,12,115,20,4,12,0.333,0,0,0.0,1562,32,1,21,30,0.7,2,111.111,4,1,5,30,20,6,17,0.353,2,2,1.0,2038,0
22,60,1,19,36,0.528,0,82.407,290,350,4,2,11,97,17,3,13,0.231,0,0,0.0,1692,23,0,26,43,0.605,1,73.595,4,2,4,20,23,2,14,0.143,0,0,0.0,1908,1
37,114,3,28,35,0.8,2,123.452,317,431,0,1,8,80,22,6,14,0.429,3,3,1.0,2261,24,0,10,27,0.37,0,13.58,2,1,6,41,11,1,11,0.091,0,2,0.0,1339,1
24,139,4,21,28,0.75,2,125.595,350,489,2,2,7,50,26,4,7,0.571,0,0,0.0,1647,22,1,27,47,0.574,1,48.005,1,1,9,69,22,3,13,0.231,1,2,0.5,1953,1
39,229,2,14,25,0.56,0,67.75,77,306,4,0,8,84,17,4,18,0.222,2,2,1.0,1992,31,0,30,50,0.6,1,70.583,0,3,7,59,22,7,17,0.412,0,0,0.0,2208,0
21,86,1,21,36,0.583,2,104.977,287,373,4,1,9,65,22,5,12,0.417,0,0,0.0,1706,29,1,19,27,0.704,1,105.941,2,1,8,49,17,3,12,0.25,0,0,0.0,1894,0
34,94,2,26,32,0.812,1,110.417,226,320,5,1,3,33,23,11,19,0.579,2,2,1.0,2348,13,0,23,34,0.676,2,80.515,0,0,6,43,14,4,10,0.4,2,2,1.0,1252,1
20,99,0,19,33,0.576,1,66.982,118,217,5,2,6,42,17,1,11,0.091,2,4,0.5,1558,34,2,22,26,0.846,4,151.603,2,0,6,46,30,7,9,0.778,0,0,0.0,2042,0
27,127,1,22,34,0.647,0,78.064,168,295,1,0,7,47,15,4,15,0.267,0,0,0.0,1936,24,2,16,35,0.457,0,59.464,3,2,8,79,15,5,15,0.333,0,0,0.0,1664,1
33,103,1,25,37,0.676,2,109.516,278,381,2,1,10,118,24,5,14,0.357,2,2,1.0,2170,19,1,20,34,0.588,1,72.549,2,0,7,52,20,5,12,0.417,0,0,0.0,1430,1
20,65,1,17,29,0.586,0,57.112,104,169,4,2,4,58,11,4,13,0.308,0,3,0.0,1338,37,2,25,33,0.758,1,84.785,0,2,9,115,24,7,15,0.467,0,0,0.0,2262,0
18,96,1,22,36,0.611,0,79.167,212,308,1,2,4,29,17,1,11,0.091,0,2,0.0,1502,39,0,16,23,0.696,2,103.17,2,2,7,89,22,6,13,0.462,0,0,0.0,2098,0
16,75,0,20,40,0.5,0,39.688,133,208,3,0,5,39,15,7,15,0.467,0,1,0.0,1251,32,2,23,37,0.622,0,75.507,1,1,3,43,22,7,14,0.5,0,1,0.0,2349,0
14,50,0,25,35,0.714,2,99.821,249,299,2,1,9,68,15,1,9,0.111,1,2,0.5,1474,25,0,36,51,0.706,5,128.064,0,2,4,34,29,9,15,0.6,3,3,1.0,2126,0
44,156,1,15,19,0.789,2,141.667,179,335,1,0,9,53,20,8,14,0.571,1,2,0.5,2343,10,0,27,42,0.643,1,68.056,2,0,5,35,16,3,10,0.3,0,2,0.0,1257,1
30,134,0,22,26,0.846,1,96.635,174,308,3,0,5,59,20,4,12,0.333,0,0,0.0,1963,16,0,20,32,0.625,0,35.156,4,0,9,72,11,2,11,0.182,1,2,0.5,1637,1
13,91,0,24,40,0.6,2,61.25,220,311,1,2,7,56,19,5,10,0.5,0,0,0.0,1333,46,4,11,20,0.55,1,86.667,0,1,3,30,28,8,12,0.667,0,1,0.0,2267,0
20,92,0,15,34,0.441,2,92.77,261,353,3,1,6,58,14,2,11,0.182,2,3,0.667,1270,34,1,26,36,0.722,0,76.042,6,1,6,36,23,7,16,0.438,1,1,1.0,2330,0
38,83,2,14,24,0.583,0,69.271,107,190,0,1,7,50,15,6,17,0.353,1,1,1.0,1778,25,0,35,52,0.673,1,58.413,2,4,5,52,26,6,15,0.4,2,4,0.5,1822,1
42,171,1,16,22,0.727,2,126.326,162,333,2,1,1,12,25,6,12,0.5,1,1,1.0,2302,16,1,16,25,0.64,0,81.75,3,2,8,56,14,5,11,0.455,1,1,1.0,1298,1
22,109,1,22,40,0.55,3,74.375,214,323,0,2,3,25,18,6,13,0.462,0,0,0.0,1379,50,3,13,24,0.542,0,72.743,3,1,6,49,21,12,21,0.571,0,0,0.0,2221,0
40,190,0,16,22,0.727,3,141.288,179,369,3,3,8,69,24,6,13,0.462,2,2,1.0,2153,21,1,21,27,0.778,2,120.525,1,1,7,65,18,2,9,0.222,1,3,0.333,1447,1
23,168,1,15,23,0.652,0,34.149,77,245,0,0,7,67,12,3,11,0.273,0,0,0.0,1504,36,1,15,29,0.517,1,53.233,1,1,10,82,22,5,13,0.385,0,0,0.0,2096,0
29,90,1,24,35,0.686,3,128.393,318,408,2,2,3,25,25,9,13,0.692,0,0,0.0,1861,19,0,23,33,0.697,4,148.359,2,1,8,92,21,7,11,0.636,0,0,0.0,1739,1
18,102,0,24,39,0.615,2,101.549,278,380,2,1,7,48,18,7,14,0.5,1,1,1.0,1585,33,1,27,34,0.794,2,107.475,0,1,8,62,20,8,14,0.571,0,0,0.0,2015,0
38,159,2,20,29,0.69,1,92.313,129,288,3,3,1,5,23,8,16,0.5,0,0,0.0,2240,18,0,19,27,0.704,1,90.818,2,2,7,77,13,1,7,0.143,0,0,0.0,1360,1
16,82,0,28,43,0.651,0,57.897,194,276,5,2,6,45,16,5,15,0.333,0,0,0.0,1753,26,2,23,37,0.622,0,71.903,3,1,6,64,22,4,12,0.333,0,0,0.0,1847,0
19,86,1,14,26,0.538,0,80.128,180,266,4,2,2,17,16,2,10,0.2,0,1,0.0,1178,33,1,35,44,0.795,2,112.879,2,4,3,32,29,7,14,0.5,1,1,1.0,2422,0
26,159,2,30,41,0.732,3,116.108,374,533,2,0,12,75,33,7,12,0.583,0,1,0.0,1906,18,1,28,44,0.636,3,103.693,3,1,8,38,22,8,15,0.533,0,2,0.0,1694,1
27,94,1,32,48,0.667,2,90.451,308,402,1,0,6,39,28,6,13,0.462,1,1,1.0,2139,13,0,23,39,0.59,1,56.25,2,1,4,30,15,1,9,0.111,1,3,0.333,1461,1
29,68,0,24,39,0.615,1,85.096,310,378,1,1,5,50,21,5,13,0.385,0,0,0.0,1976,19,0,21,25,0.84,2,121.833,1,3,10,67,14,4,10,0.4,0,0,0.0,1624,1
20,64,1,32,47,0.681,2,106.25,373,437,1,0,14,166,23,3,13,0.231,0,0,0.0,1590,35,2,24,39,0.615,1,101.763,3,1,14,110,28,3,13,0.231,0,0,0.0,2342,0
32,113,0,23,28,0.821,4,115.179,248,361,2,1,4,35,21,8,13,0.615,1,1,1.0,2078,25,0,17,30,0.567,1,69.167,2,0,4,24,12,5,14,0.357,1,3,0.333,1522,1
28,141,0,23,42,0.548,1,68.353,216,357,1,3,6,43,20,9,16,0.562,0,2,0.0,1748,29,2,19,29,0.655,1,81.106,1,0,5,26,21,5,12,0.417,0,0,0.0,1852,0
38,198,3,20,25,0.8,1,95.0,172,370,2,0,3,18,25,5,11,0.455,1,1,1.0,2120,15,0,24,41,0.585,1,65.396,3,2,4,30,16,7,13,0.538,0,0,0.0,1480,1
24,96,0,17,26,0.654,2,91.506,106,202,5,1,4,32,13,6,14,0.429,1,2,0.5,1578,34,2,14,24,0.583,0,58.507,4,1,5,40,18,2,13,0.154,2,2,1.0,2022,0
33,208,1,14,31,0.452,0,17.473,124,332,1,1,4,26,19,4,11,0.364,0,2,0.0,1678,27,0,19,30,0.633,1,94.028,1,1,2,15,17,3,12,0.25,1,1,1.0,1922,0
18,64,1,10,31,0.323,0,13.441,134,198,5,0,7,61,10,4,14,0.286,2,3,0.667,1346,39,2,27,31,0.871,1,108.333,2,4,5,35,22,6,14,0.429,2,2,1.0,2254,0
20,107,1,27,44,0.614,3,85.985,285,392,3,3,6,66,24,5,11,0.455,2,2,1.0,1801,27,4,25,34,0.735,1,88.603,2,1,4,44,28,2,8,0.25,0,0,0.0,1799,0
24,105,1,23,32,0.719,2,123.177,289,394,2,0,4,35,23,4,10,0.4,0,0,0.0,1738,39,1,11,21,0.524,1,60.218,2,5,5,50,18,5,11,0.455,1,3,0.333,1862,1
33,147,2,15,25,0.6,1,74.583,155,302,1,1,5,35,23,8,11,0.727,0,0,0.0,1777,17,0,28,44,0.636,2,80.019,3,0,9,75,20,7,14,0.5,1,2,0.5,1823,1
18,67,1,21,33,0.636,2,95.77,256,323,1,2,5,38,17,2,8,0.25,1,3,0.333,1373,39,3,17,26,0.654,1,90.224,2,0,5,57,23,5,12,0.417,0,0,0.0,2227,0
32,92,1,28,45,0.622,2,97.176,307,399,1,3,3,32,21,7,19,0.368,2,2,1.0,2380,20,0,21,39,0.538,3,94.177,2,2,4,30,15,4,13,0.308,0,1,0.0,1220,1
17,40,0,18,37,0.486,1,79.448,222,262,3,2,5,45,14,4,13,0.308,0,1,0.0,1376,43,0,20,32,0.625,1,46.484,2,0,5,54,22,7,15,0.467,1,1,1.0,2224,0
12,34,0,20,31,0.645,2,110.551,233,267,2,1,6,51,10,4,12,0.333,0,0,0.0,1115,43,1,27,35,0.771,1,90.536,1,1,4,38,27,5,13,0.385,1,2,0.5,2485,0
26,153,0,19,41,0.463,2,44.207,252,405,2,1,7,59,17,5,14,0.357,1,1,1.0,1914,24,1,26,40,0.65,1,78.958,1,0,5,35,17,2,13,0.154,0,1,0.0,1686,0
17,57,0,38,51,0.745,4,112.214,368,425,0,0,3,15,25,8,13,0.615,1,1,1.0,1634,23,1,30,41,0.732,0,93.242,5,5,6,39,21,9,17,0.529,0,0,0.0,1966,1
27,112,1,26,41,0.634,2,54.878,217,329,3,2,6,45,26,6,15,0.4,4,4,1.0,2085,35,2,11,15,0.733,2,136.944,1,2,8,63,14,5,11,0.455,1,2,0.5,1515,0
25,96,2,24,40,0.6,1,70.833,260,356,6,2,7,63,21,6,12,0.5,0,1,0.0,1874,22,1,26,35,0.743,3,118.393,4,2,7,51,18,4,13,0.308,1,1,1.0,1726,0
27,100,1,30,41,0.732,2,113.872,326,426,3,1,7,66,26,6,13,0.462,0,1,0.0,1984,27,0,25,41,0.61,3,97.205,3,2,3,11,23,2,11,0.182,1,3,0.333,1616,0
41,185,1,20,25,0.8,2,133.667,233,418,2,3,3,20,26,6,13,0.462,1,1,1.0,2136,17,1,23,38,0.605,2,83.882,2,0,6,66,21,3,9,0.333,2,3,0.667,1464,1
48,238,3,16,22,0.727,1,107.765,151,389,1,1,5,25,26,7,13,0.538,1,1,1.0,2495,19,0,11,27,0.407,0,35.108,4,1,4,25,9,3,12,0.25,0,3,0.0,1105,1
25,68,0,30,41,0.732,2,104.116,229,297,2,0,3,15,19,6,15,0.4,0,0,0.0,1840,17,0,23,44,0.523,0,53.883,3,0,3,23,16,6,16,0.375,1,1,1.0,1760,1
27,146,2,30,37,0.811,2,99.437,181,327,4,4,6,40,21,5,15,0.333,2,2,1.0,1999,25,1,20,30,0.667,2,93.611,1,1,10,86,17,3,10,0.3,1,2,0.5,1601,1
30,112,0,23,30,0.767,2,101.528,186,298,1,0,6,47,23,7,13,0.538,0,0,0.0,2023,16,1,28,38,0.737,0,90.789,2,0,6,54,22,2,8,0.25,0,0,0.0,1577,1
25,61,1,16,28,0.571,0,71.28,136,197,2,3,3,39,14,5,12,0.417,1,2,0.5,1575,27,1,26,38,0.684,3,117.763,1,1,7,47,24,5,12,0.417,1,1,1.0,2025,0
25,85,0,21,31,0.677,2,111.761,236,321,1,0,5,81,17,5,12,0.417,0,0,0.0,1410,25,1,23,37,0.622,1,80.124,7,1,10,55,22,8,16,0.5,0,0,0.0,2190,1
31,154,0,22,40,0.55,1,62.188,250,404,1,2,5,37,22,4,14,0.286,3,6,0.5,2010,24,1,15,29,0.517,0,57.256,1,0,7,60,15,5,12,0.417,0,0,0.0,1590,0
25,99,0,15,30,0.5,1,75.0,131,230,2,1,3,20,16,4,13,0.308,0,1,0.0,1679,46,1,2,3,0.667,0,84.028,0,2,6,47,11,2,12,0.167,1,2,0.5,1921,0
36,242,2,14,31,0.452,2,63.374,216,458,0,0,11,102,22,5,14,0.357,1,1,1.0,1828,24,1,28,40,0.7,3,107.083,5,1,10,85,22,4,13,0.308,2,2,1.0,1772,1
26,91,2,21,35,0.6,1,67.917,243,334,1,3,6,45,21,4,11,0.364,1,3,0.333,1523,36,1,19,28,0.679,1,98.81,0,1,6,60,20,7,14,0.5,2,2,1.0,2077,0
26,86,0,25,34,0.735,2,125.613,311,397,5,4,2,19,22,4,13,0.308,1,1,1.0,2057,23,1,27,41,0.659,2,103.303,5,2,6,40,21,5,15,0.333,0,0,0.0,2030,0
29,100,0,22,32,0.688,2,91.927,190,290,0,2,4,42,20,6,13,0.462,0,0,0.0,2030,23,1,31,42,0.738,1,100.0,4,2,10,129,21,1,12,0.083,3,4,0.75,1570,1
23,100,1,15,34,0.441,1,57.843,124,224,5,3,7,65,14,3,14,0.214,1,2,0.5,1531,35,0,22,39,0.564,1,58.814,4,2,7,60,19,7,18,0.389,0,0,0.0,2069,0
29,193,2,17,28,0.607,2,115.179,260,453,0,1,8,69,20,7,13,0.538,0,0,0.0,1601,25,0,33,49,0.673,1,93.155,2,0,6,52,25,3,13,0.231,0,2,0.0,1999,1
8,8,0,24,40,0.6,0,35.521,184,192,3,0,9,79,9,5,13,0.385,1,2,0.5,1383,34,2,20,31,0.645,0,81.519,4,1,2,15,22,6,15,0.4,0,0,0.0,2217,0
12,44,0,33,45,0.733,1,85.694,246,290,4,4,9,85,19,4,11,0.364,1,1,1.0,1585,30,3,20,24,0.833,2,139.236,3,1,8,63,21,9,13,0.692,0,0,0.0,2015,0
44,203,3,15,21,0.714,0,96.329,141,344,3,2,4,42,21,6,15,0.4,1,1,1.0,2332,17,0,19,42,0.452,0,59.821,3,0,5,45,13,3,14,0.214,1,3,0.333,1268,1
39,184,3,18,25,0.72,2,118.583,174,358,1,0,2,18,25,8,12,0.667,1,1,1.0,1927,21,0,24,39,0.615,1,74.199,2,1,6,53,17,5,14,0.357,3,5,0.6,1673,1
37,152,1,23,31,0.742,3,133.132,271,423,2,0,6,39,26,7,13,0.538,0,0,0.0,2060,26,1,17,37,0.459,2,68.637,2,1,3,20,20,7,14,0.5,0,2,0.0,1540,1
19,173,1,36,54,0.667,2,86.034,293,466,3,0,7,65,27,2,13,0.154,2,3,0.667,1941,29,2,31,46,0.674,2,105.616,2,1,4,24,26,8,16,0.5,0,1,0.0,1928,0
23,137,0,18,33,0.545,2,70.77,210,347,2,2,7,41,16,5,13,0.385,0,1,0.0,1500,24,1,29,37,0.784,4,141.104,3,1,3,30,27,4,10,0.4,1,1,1.0,2100,0
22,103,2,32,49,0.653,0,72.066,344,447,4,1,7,54,22,8,15,0.533,2,4,0.5,1856,21,0,23,30,0.767,3,139.167,3,1,5,40,18,6,12,0.5,0,0,0.0,1744,0
39,192,2,22,39,0.564,2,80.716,236,428,0,1,5,60,28,6,13,0.462,2,5,0.4,1983,20,1,31,47,0.66,3,105.807,1,1,4,36,26,7,12,0.583,0,1,0.0,1692,0
39,226,1,5,12,0.417,1,49.653,49,275,1,0,2,13,15,2,10,0.2,3,3,1.0,1822,19,0,26,45,0.578,2,74.213,1,2,8,50,20,6,15,0.4,1,3,0.333,1778,1
27,119,1,19,34,0.559,3,91.544,193,312,4,1,8,67,21,6,14,0.429,1,1,1.0,1715,29,1,18,38,0.474,1,56.469,4,2,5,55,19,7,17,0.412,1,5,0.2,1885,1
34,126,0,21,26,0.808,3,139.744,212,338,2,1,6,49,22,6,13,0.462,1,1,1.0,1912,21,0,29,50,0.58,1,74.833,2,1,7,83,23,7,15,0.467,1,3,0.333,1688,1
30,125,1,28,37,0.757,1,98.592,203,328,3,3,6,45,23,8,14,0.571,0,0,0.0,2003,24,0,19,36,0.528,0,32.292,1,1,6,34,15,6,14,0.429,1,3,0.333,1597,1
25,96,1,23,31,0.742,3,132.191,250,346,3,0,8,76,26,5,9,0.556,0,0,0.0,1870,26,2,28,40,0.7,2,99.479,1,0,8,56,24,7,13,0.538,2,4,0.5,1730,1
25,107,1,22,38,0.579,0,73.355,189,296,3,0,4,40,21,3,14,0.214,2,3,0.667,1793,26,0,19,30,0.633,2,92.222,1,0,9,65,13,10,18,0.556,0,0,0.0,1807,0
24,102,2,13,24,0.542,0,76.736,126,228,6,1,3,32,16,3,11,0.273,0,1,0.0,1538,42,2,16,27,0.593,2,75.54,1,2,5,45,23,5,12,0.417,2,3,0.667,2062,0
17,35,1,16,25,0.64,0,80.083,133,168,3,0,5,30,12,2,11,0.182,0,0,0.0,1252,42,1,23,32,0.719,0,68.88,4,5,7,68,22,8,18,0.444,1,2,0.5,2348,1
32,162,3,18,24,0.75,1,119.271,235,397,0,2,5,35,23,6,11,0.545,0,0,0.0,1827,23,0,19,32,0.594,1,92.708,3,1,4,29,13,5,13,0.385,0,3,0.0,1773,1
26,113,0,15,22,0.682,1,103.788,136,249,3,0,6,38,12,4,13,0.308,0,0,0.0,1639,34,0,18,34,0.529,1,78.799,3,1,6,60,19,7,16,0.438,0,1,0.0,1961,1
31,61,0,13,27,0.481,0,65.972,151,212,2,1,6,41,11,3,16,0.188,0,0,0.0,1785,21,0,26,48,0.542,0,57.118,4,1,3,30,17,6,19,0.316,0,1,0.0,1815,1
24,89,1,20,30,0.667,1,89.167,147,236,0,0,3,61,13,6,14,0.429,1,1,1.0,1596,25,0,25,38,0.658,1,80.592,2,5,7,64,20,6,13,0.462,1,1,1.0,2004,0
28,115,0,26,39,0.667,1,96.635,255,370,3,4,9,91,24,2,12,0.167,2,5,0.4,1755,33,0,12,24,0.5,2,69.271,4,1,7,54,13,5,17,0.294,0,1,0.0,1845,0
21,63,2,20,31,0.645,0,81.922,174,237,2,2,2,25,14,6,13,0.462,0,1,0.0,1483,41,2,20,26,0.769,1,110.417,3,2,4,48,23,7,13,0.538,0,1,0.0,2117,0
19,80,1,17,31,0.548,0,55.309,134,214,3,0,8,65,13,3,11,0.273,0,1,0.0,1494,29,0,21,29,0.724,2,106.106,4,0,4,34,20,6,12,0.5,0,1,0.0,2106,0
21,83,1,26,35,0.743,1,88.036,306,389,2,3,5,41,22,3,8,0.375,1,2,0.5,1831,24,1,22,30,0.733,1,103.333,4,0,6,57,16,9,16,0.562,0,0,0.0,1769,0
24,109,0,24,34,0.706,3,115.074,202,311,0,0,3,29,19,3,10,0.3,1,1,1.0,1699,25,1,21,36,0.583,2,55.324,5,0,6,38,28,7,12,0.583,1,1,1.0,1901,1
21,133,1,27,43,0.628,1,85.901,245,378,0,2,11,85,20,6,13,0.462,1,3,0.333,1471,33,0,18,28,0.643,2,112.946,2,0,5,40,20,8,15,0.533,0,1,0.0,2129,0
33,130,0,25,35,0.714,1,83.988,208,338,0,0,6,30,19,7,16,0.438,3,4,0.75,2285,18,1,18,24,0.75,1,115.799,3,1,2,15,14,2,8,0.25,1,1,1.0,1315,0
28,114,1,30,47,0.638,3,104.388,314,428,0,0,5,45,28,6,12,0.5,3,4,0.75,2109,27,3,14,32,0.438,0,31.38,1,1,3,30,20,1,10,0.1,5,6,0.833,1491,1
31,159,2,18,31,0.581,1,92.406,232,391,0,0,6,50,21,7,14,0.5,0,0,0.0,2004,15,0,22,45,0.489,0,56.806,7,1,6,32,16,7,18,0.389,0,2,0.0,1596,1
21,77,1,37,46,0.804,4,143.207,498,575,3,0,5,45,33,5,10,0.5,2,2,1.0,2223,16,1,28,40,0.7,2,98.333,1,2,6,27,21,6,11,0.545,0,1,0.0,1377,1
21,89,2,27,35,0.771,1,92.083,328,417,1,1,5,49,25,6,9,0.667,0,0,0.0,1508,36,2,21,27,0.778,2,130.556,1,0,10,70,26,9,13,0.692,0,0,0.0,2092,0
31,132,1,26,39,0.667,0,87.553,252,384,1,2,2,10,27,6,13,0.462,2,3,0.667,1938,36,1,14,22,0.636,1,89.583,1,0,7,81,18,4,12,0.333,3,5,0.6,1662,0
22,66,1,27,38,0.711,1,93.64,295,361,3,3,2,20,19,2,12,0.167,1,1,1.0,1800,33,1,21,37,0.568,1,46.791,0,1,1,5,22,7,14,0.5,1,1,1.0,1800,0
30,130,1,17,29,0.586,2,102.514,194,324,1,2,11,79,17,5,13,0.385,0,1,0.0,1748,27,0,23,44,0.523,1,46.78,2,1,6,40,15,8,20,0.4,1,2,0.5,1852,1
30,88,2,24,35,0.686,1,98.512,229,317,4,1,8,73,26,7,14,0.5,1,3,0.333,2305,24,1,16,27,0.593,2,104.09,2,0,7,88,18,3,10,0.3,0,1,0.0,1302,1
16,18,1,15,22,0.682,0,87.879,140,158,2,0,3,30,8,1,10,0.1,1,1,1.0,1403,40,1,20,25,0.8,1,96.833,2,2,3,37,22,6,12,0.5,1,1,1.0,2197,0
25,130,0,28,43,0.651,1,73.207,173,303,2,2,5,40,20,5,13,0.385,2,3,0.667,1518,35,1,23,30,0.767,3,135.139,2,3,5,41,25,4,11,0.364,1,1,1.0,2082,0
20,85,0,15,32,0.469,2,60.417,172,257,5,1,1,13,14,3,13,0.231,1,2,0.5,1709,28,1,30,42,0.714,5,140.873,3,2,3,15,28,10,15,0.667,1,1,1.0,1891,0
23,83,0,12,20,0.6,0,40.625,81,164,8,0,7,62,10,0,12,0.0,1,3,0.333,1564,30,0,19,26,0.731,1,91.506,3,1,7,65,16,5,15,0.333,0,0,0.0,2036,0
44,233,4,11,26,0.423,0,16.987,118,351,1,1,7,47,28,7,12,0.583,1,1,1.0,2167,22,1,13,23,0.565,0,84.873,5,1,4,27,18,1,7,0.143,0,1,0.0,1433,1
28,73,0,17,28,0.607,1,97.619,207,280,2,0,5,33,15,5,13,0.385,0,0,0.0,1769,26,1,17,26,0.654,0,61.699,7,1,1,5,16,6,14,0.429,0,0,0.0,1831,1
27,87,2,18,36,0.5,1,49.884,162,249,2,0,5,35,17,6,16,0.375,2,3,0.667,1808,40,0,4,11,0.364,0,5.303,4,4,3,26,13,1,11,0.091,0,1,0.0,1792,1
19,60,0,30,40,0.75,4,144.375,415,475,4,0,5,62,23,4,10,0.4,1,1,1.0,1746,23,2,26,35,0.743,2,113.869,0,0,10,83,23,6,11,0.545,1,1,1.0,1854,1
26,122,1,16,27,0.593,1,86.651,140,262,1,1,3,25,16,3,11,0.273,1,1,1.0,1737,27,1,24,32,0.75,1,82.161,2,2,6,41,18,6,14,0.429,2,2,1.0,1863,0
32,127,0,27,39,0.692,2,107.425,272,399,1,0,7,45,23,7,16,0.438,2,2,1.0,2082,17,0,25,39,0.641,3,108.6,1,3,10,88,19,3,11,0.273,3,3,1.0,1518,1
17,80,0,17,27,0.63,1,57.099,173,253,2,0,3,25,11,3,9,0.333,0,0,0.0,1394,36,4,25,34,0.735,3,128.309,0,1,3,30,32,8,10,0.8,0,0,0.0,2206,0
40,198,2,13,18,0.722,2,127.083,110,308,1,1,6,70,17,7,15,0.467,1,1,1.0,1992,16,0,18,39,0.462,0,51.763,4,4,5,55,16,3,12,0.25,1,3,0.333,1608,1
21,62,0,34,50,0.68,3,104.583,405,467,1,0,4,39,26,9,15,0.6,1,1,1.0,1983,26,2,19,33,0.576,1,89.71,1,1,2,14,22,6,11,0.545,0,1,0.0,1617,1
22,94,1,27,36,0.75,0,81.597,218,312,3,0,1,4,24,9,15,0.6,0,1,0.0,1671,34,2,17,26,0.654,0,90.865,1,0,6,42,18,4,12,0.333,3,4,0.75,1929,0
27,83,0,19,28,0.679,1,107.143,236,319,1,1,3,23,18,3,11,0.273,1,4,0.25,1784,35,1,22,31,0.71,2,114.583,0,0,3,22,21,9,15,0.6,1,1,1.0,1816,0
37,175,0,16,23,0.696,2,116.033,241,416,1,1,7,111,19,5,13,0.385,0,2,0.0,1769,27,0,21,32,0.656,1,75.391,3,2,5,67,15,5,15,0.333,0,1,0.0,1831,1
41,265,2,20,29,0.69,4,133.046,232,497,1,1,5,31,29,7,12,0.583,1,1,1.0,2013,22,2,22,37,0.595,2,65.372,0,1,4,30,20,5,10,0.5,1,2,0.5,1587,1
20,73,1,26,35,0.743,2,96.012,300,373,1,1,4,35,20,3,9,0.333,1,1,1.0,1581,32,0,20,32,0.625,0,66.797,5,1,4,24,19,4,14,0.286,3,3,1.0,2019,1
11,27,0,24,39,0.615,1,82.639,179,206,2,0,3,23,11,2,12,0.167,1,4,0.25,1287,32,2,31,42,0.738,2,109.921,0,0,1,5,29,7,13,0.538,0,1,0.0,2313,0
20,93,0,16,38,0.421,2,53.07,139,232,9,0,10,77,15,5,17,0.294,1,3,0.333,1505,31,1,24,46,0.522,1,56.25,2,2,5,51,20,5,18,0.278,1,2,0.5,2095,0
28,191,3,13,25,0.52,0,75.083,173,364,1,1,6,45,18,7,12,0.583,0,0,0.0,1616,29,0,27,44,0.614,2,93.939,1,0,5,45,28,8,14,0.571,1,1,1.0,1984,0
32,171,2,22,28,0.786,5,151.637,304,475,1,0,5,44,22,8,13,0.615,2,2,1.0,1657,33,1,20,34,0.588,2,81.495,3,0,3,30,22,10,18,0.556,3,3,1.0,1943,1
46,195,0,16,24,0.667,3,128.125,174,369,1,2,4,40,22,8,16,0.5,0,1,0.0,2357,12,1,20,33,0.606,1,77.336,3,3,5,46,13,3,10,0.3,2,3,0.667,1243,1
33,170,1,25,46,0.543,2,84.873,254,424,0,3,4,40,25,8,18,0.444,0,1,0.0,2220,17,0,7,20,0.35,1,66.042,9,1,4,27,4,1,14,0.071,1,1,1.0,1380,1
20,85,2,29,39,0.744,3,124.519,324,409,1,0,2,10,21,4,11,0.364,1,1,1.0,1495,26,0,29,43,0.674,2,85.32,2,1,1,10,18,4,14,0.286,2,6,0.333,2105,1
25,90,0,33,48,0.688,1,77.17,266,356,7,0,2,10,24,5,15,0.333,1,6,0.167,2207,22,0,14,22,0.636,3,142.045,3,1,4,47,11,7,13,0.538,0,0,0.0,1393,0
18,79,0,15,29,0.517,1,76.221,103,182,4,1,4,32,11,5,14,0.357,1,1,1.0,1744,41,1,17,24,0.708,2,102.083,1,2,4,46,24,6,12,0.5,0,1,0.0,1856,0
18,94,0,17,29,0.586,1,74.641,139,233,6,3,4,52,13,4,12,0.333,2,5,0.4,1601,31,0,23,32,0.719,2,111.849,1,0,6,49,19,7,15,0.467,1,1,1.0,1999,0
27,122,1,24,35,0.686,3,96.369,256,378,4,2,0,0,22,8,14,0.571,1,2,0.5,2019,26,1,22,32,0.688,3,131.38,1,0,2,15,19,4,11,0.364,2,3,0.667,1581,0
21,64,0,23,33,0.697,3,128.472,289,353,2,0,4,65,18,4,11,0.364,1,1,1.0,1586,32,0,23,32,0.719,4,138.932,1,2,5,42,23,8,13,0.615,0,0,0.0,2014,0
27,134,2,20,30,0.667,1,91.111,245,379,2,2,8,78,21,5,10,0.5,0,0,0.0,1584,43,1,15,22,0.682,1,94.697,1,0,5,33,23,7,15,0.467,0,1,0.0,2016,0
37,226,1,9,18,0.5,0,71.528,99,325,3,2,3,29,16,3,13,0.231,1,1,1.0,1937,25,0,15,31,0.484,1,40.121,3,1,3,21,10,6,17,0.353,2,4,0.5,1663,1
30,79,0,30,44,0.682,1,80.114,235,314,1,0,6,43,19,6,17,0.353,1,1,1.0,2208,36,1,16,32,0.5,0,36.068,3,2,1,5,20,3,14,0.214,1,2,0.5,1876,1
30,202,2,15,26,0.577,3,110.737,229,431,1,1,4,30,19,8,12,0.667,0,0,0.0,1451,28,1,28,39,0.718,1,96.1,5,2,6,46,20,9,18,0.5,1,2,0.5,2149,1
31,135,1,24,33,0.727,2,100.568,314,449,3,1,6,56,23,9,14,0.643,0,0,0.0,2204,27,0,21,32,0.656,3,92.969,5,0,3,15,19,10,17,0.588,1,1,1.0,1884,1
34,174,1,21,37,0.568,2,88.795,172,346,3,2,4,38,24,8,17,0.471,1,1,1.0,2321,21,1,34,64,0.531,3,80.404,3,1,10,108,27,4,18,0.222,6,7,0.857,1879,1
25,83,0,24,34,0.706,2,110.417,225,308,2,0,7,56,18,5,12,0.417,1,1,1.0,1911,14,0,29,54,0.537,1,69.213,3,2,7,46,23,8,18,0.444,1,2,0.5,1689,1
29,174,2,21,25,0.84,5,157.583,308,482,0,0,3,47,29,6,7,0.857,0,0,0.0,1885,20,0,24,38,0.632,2,75.768,3,0,5,34,20,7,14,0.5,4,4,1.0,1715,1
31,106,2,29,37,0.784,2,115.203,243,349,4,0,4,35,23,4,13,0.308,0,1,0.0,1983,17,1,23,43,0.535,1,60.029,2,3,4,45,14,5,14,0.357,1,3,0.333,1617,1
38,169,2,16,25,0.64,0,67.417,172,341,0,0,9,58,21,6,13,0.462,0,0,0.0,2039,21,1,24,44,0.545,1,71.212,5,2,14,89,20,5,14,0.357,1,2,0.5,1561,1
20,56,0,29,44,0.659,2,92.519,201,257,2,2,4,45,19,7,16,0.438,2,2,1.0,1800,22,0,31,40,0.775,6,138.125,3,2,3,25,26,8,12,0.667,0,0,0.0,1800,0
18,61,1,19,34,0.559,0,40.931,122,183,2,1,7,50,14,0,9,0.0,1,2,0.5,1454,38,1,14,18,0.778,2,155.787,1,0,6,48,16,6,13,0.462,0,0,0.0,2146,0
18,65,1,28,37,0.757,0,93.074,280,345,9,0,6,46,17,7,15,0.467,0,0,0.0,2005,27,1,15,24,0.625,1,66.667,1,0,2,15,16,1,8,0.125,0,1,0.0,1595,1
20,67,1,20,29,0.69,0,91.882,196,263,5,2,5,25,14,5,12,0.417,0,0,0.0,1836,29,0,11,19,0.579,0,57.127,4,0,5,40,12,4,11,0.364,0,1,0.0,1764,0
14,51,2,30,54,0.556,1,72.222,308,359,3,1,4,61,20,3,14,0.214,2,4,0.5,1552,30,1,28,38,0.737,2,121.162,2,4,4,45,24,4,11,0.364,0,0,0.0,2048,0
24,109,1,27,37,0.73,4,135.98,313,422,2,1,3,15,23,6,14,0.429,4,4,1.0,1657,27,2,33,44,0.75,3,123.106,2,1,1,10,30,8,13,0.615,1,1,1.0,2198,0
27,116,0,23,38,0.605,2,86.513,243,359,1,0,4,30,21,8,14,0.571,0,0,0.0,2156,24,0,26,39,0.667,3,91.293,4,2,2,11,24,6,12,0.5,0,0,0.0,1782,1
20,50,0,16,30,0.533,2,87.083,232,282,0,0,6,54,16,3,9,0.333,0,0,0.0,1461,29,0,31,45,0.689,2,96.25,2,0,2,10,25,11,18,0.611,0,1,0.0,2139,0
20,79,0,23,34,0.676,2,111.029,226,305,7,0,4,31,15,3,14,0.214,1,3,0.333,1753,23,0,26,41,0.634,3,87.754,2,0,2,10,17,6,15,0.4,1,1,1.0,1847,0
