team1_rush_att,team1_rush_yds,team1_rush_tds,team1_pass_cmp,team1_pass_att,team1_pass_cmp_pct,team1_pass_yds,team1_pass_tds,team1_pass_int,team1_passer_rating,team1_net_pass_yds,team1_total_yds,team1_times_sacked,team1_yds_sacked_for,team1_fumbles,team1_fumbles_lost,team1_turnovers,team1_penalties,team1_penalty_yds,team1_first_downs,team1_third_down_conv,team1_third_down_att,team1_third_down_conv_pct,team1_fourth_down_conv,team1_fourth_down_att,team1_fourth_down_conv_pct,team1_time_of_possession,team2_rush_att,team2_rush_yds,team2_rush_tds,team2_pass_cmp,team2_pass_att,team2_pass_cmp_pct,team2_pass_yds,team2_pass_tds,team2_pass_int,team2_passer_rating,team2_net_pass_yds,team2_total_yds,team2_times_sacked,team2_yds_sacked_for,team2_fumbles,team2_fumbles_lost,team2_turnovers,team2_penalties,team2_penalty_yds,team2_first_downs,team2_third_down_conv,team2_third_down_att,team2_third_down_conv_pct,team2_fourth_down_conv,team2_fourth_down_att,team2_fourth_down_conv_pct,team2_time_of_possession,team1_win
25,121,1,26,31,0.8387096774193549,297,3,2,111.962,292,413,2,5,2,2,4,5,35,23,9,10,0.9,0,0,0.0,1874,18,52,0,29,41,0.7073170731707317,240,1,3,63.059,191,243,7,49,1,0,3,4,30,19,6,13,0.462,2,3,0.667,1726,1
19,151,1,23,34,0.6764705882352942,269,2,0,111.029,234,385,4,35,1,1,1,8,99,18,4,13,0.308,0,0,0.0,1576,38,201,2,20,33,0.6060606060606061,215,0,0,79.735,215,416,0,0,3,2,2,8,55,26,5,13,0.385,0,0,0.0,2024,1
39,217,1,18,34,0.5294117647058824,147,1,0,74.02,138,355,1,9,1,0,0,9,71,23,8,18,0.444,1,2,0.5,2306,19,54,2,16,27,0.5925925925925926,235,1,1,84.645,207,261,4,28,5,0,1,8,96,15,4,11,0.364,0,0,0.0,1294,1
37,99,1,8,17,0.47058823529411764,121,2,1,85.662,105,204,2,16,0,0,1,3,24,15,5,14,0.357,0,0,0.0,1592,37,176,1,13,28,0.4642857142857143,164,0,1,50.298,155,331,2,9,2,1,2,12,99,17,8,17,0.471,0,2,0.0,2008,1
34,133,0,33,53,0.6226415094339622,338,2,4,61.675,299,432,7,39,2,1,5,4,27,32,8,16,0.5,1,3,0.333,2622,22,75,0,21,38,0.5526315789473685,194,1,0,78.18,192,267,1,2,1,0,0,8,59,13,4,15,0.267,0,0,0.0,1578,0
38,177,1,32,50,0.64,352,1,1,83.083,340,517,2,12,5,1,2,7,89,33,6,15,0.4,0,1,0.0,2377,28,77,0,23,37,0.6216216216216216,240,2,0,98.93,222,299,3,18,1,1,1,6,40,20,5,15,0.333,0,0,0.0,1823,0
28,181,3,21,37,0.5675675675675675,215,2,1,80.349,205,386,1,10,1,0,1,7,65,23,9,14,0.643,1,1,1.0,1706,39,216,4,18,32,0.5625,243,0,0,80.599,239,455,1,4,0,0,0,10,61,27,10,17,0.588,2,3,0.667,1894,0
28,85,0,27,41,0.6585365853658537,313,4,2,100.965,305,390,1,8,1,1,3,6,63,26,7,10,0.7,0,0,0.0,2013,18,123,1,24,42,0.5714285714285714,275,1,1,75.0,260,383,2,15,1,0,1,13,90,24,3,12,0.25,0,1,0.0,1587,1
22,78,0,21,30,0.7,213,1,1,87.222,193,271,2,20,2,2,3,3,15,17,4,9,0.444,0,1,0.0,1650,23,65,0,23,33,0.696969696969697,270,1,0,104.356,242,307,3,28,2,0,0,4,20,18,6,14,0.429,1,1,1.0,1950,0
17,83,0,37,59,0.6271186440677966,309,1,1,74.753,297,380,3,12,2,1,2,6,81,24,2,14,0.143,3,4,0.75,1950,21,63,0,17,30,0.5666666666666667,213,3,1,98.333,211,274,2,2,1,0,1,5,29,13,5,13,0.385,0,0,0.0,1650,0
22,103,1,24,38,0.631578947368421,205,2,0,94.737,179,282,3,26,3,0,0,5,49,18,3,12,0.25,3,4,0.75,1518,27,128,1,30,39,0.7692307692307693,360,5,0,144.231,360,488,0,0,5,1,1,3,25,33,5,8,0.625,1,1,1.0,2082,0
28,126,0,23,32,0.71875,277,2,0,118.88,269,395,1,8,0,0,0,3,20,19,4,13,0.308,1,1,1.0,1883,18,111,1,26,39,0.6666666666666666,260,0,1,74.733,227,338,4,33,1,1,2,2,10,21,3,9,0.333,0,2,0.0,1717,1
26,93,0,20,33,0.6060606060606061,266,2,0,106.376,266,359,1,0,2,1,1,7,50,19,3,11,0.273,0,0,0.0,1866,32,238,1,17,21,0.8095238095238095,188,2,1,115.873,156,394,5,32,2,1,2,8,45,19,2,10,0.2,1,1,1.0,1734,0
13,64,0,22,37,0.5945945945945946,295,2,3,69.088,256,320,6,39,3,0,3,3,11,18,5,11,0.455,1,2,0.5,1648,31,76,0,26,34,0.7647058823529411,279,3,0,129.412,279,355,0,0,1,0,0,5,21,18,6,14,0.429,0,1,0.0,1952,0
18,71,0,21,42,0.5,198,0,1,53.472,173,244,4,25,0,0,1,10,73,12,3,15,0.2,2,5,0.4,1638,33,152,0,18,27,0.6666666666666666,212,1,1,87.269,195,347,2,17,0,0,1,5,25,18,5,14,0.357,0,0,0.0,1962,0
19,76,0,23,28,0.8214285714285714,195,2,0,119.494,177,253,2,18,3,1,1,5,77,19,6,11,0.545,0,1,0.0,1581,20,103,0,29,42,0.6904761904761905,340,1,0,101.29,330,433,2,10,2,2,2,12,106,20,8,15,0.533,0,1,0.0,2019,1
24,75,0,33,48,0.6875,334,3,1,100.521,326,401,2,8,0,0,1,3,25,21,5,16,0.312,4,4,1.0,2017,18,93,0,24,35,0.6857142857142857,235,2,0,106.25,226,319,1,9,0,0,0,6,54,15,4,12,0.333,0,0,0.0,1583,0
23,146,0,14,29,0.4827586206896552,145,1,0,74.641,129,275,2,16,3,2,2,5,38,18,2,12,0.167,1,1,1.0,1435,33,103,0,22,34,0.6470588235294118,176,1,0,87.377,162,265,3,14,0,0,0,8,62,18,6,18,0.333,1,1,1.0,2165,0
37,184,3,22,27,0.8148148148148148,229,1,1,98.92,221,405,1,8,0,0,1,5,38,29,8,12,0.667,0,0,0.0,1934,20,93,0,27,45,0.6,324,4,0,111.713,309,402,2,15,2,1,1,8,57,20,8,15,0.533,1,1,1.0,1666,0
13,54,0,16,30,0.5333333333333333,195,0,3,34.028,164,218,5,31,2,0,3,5,30,9,2,10,0.2,0,2,0.0,1305,37,96,1,25,30,0.8333333333333334,235,2,0,121.528,235,331,0,0,0,0,0,3,19,21,6,15,0.4,2,3,0.667,2295,0
21,88,1,30,46,0.6521739130434783,337,3,1,99.638,308,396,5,29,1,0,1,2,17,21,7,15,0.467,1,2,0.5,1923,24,191,0,20,34,0.5882352941176471,256,4,0,121.691,234,425,3,22,0,0,0,1,5,17,4,13,0.308,0,2,0.0,1677,0
18,86,0,36,50,0.72,469,6,2,124.083,461,547,1,8,0,0,2,8,51,27,7,11,0.636,2,2,1.0,2087,25,155,1,21,29,0.7241379310344828,318,3,0,142.601,318,473,0,0,1,0,0,1,5,23,3,10,0.3,1,3,0.333,1513,1
20,100,0,25,40,0.625,236,1,3,55.833,208,308,6,28,4,2,5,9,60,18,4,13,0.308,0,1,0.0,1818,30,72,0,18,34,0.5294117647058824,190,1,0,79.289,188,260,1,2,1,1,1,8,101,13,5,17,0.294,0,1,0.0,1782,0
22,91,0,21,33,0.6363636363636364,168,1,1,73.801,152,243,3,16,1,1,2,3,20,16,8,15,0.533,0,0,0.0,1584,31,124,1,21,35,0.6,252,1,1,79.702,252,376,0,0,0,0,1,7,55,18,9,17,0.529,0,0,0.0,2016,0
27,90,0,17,26,0.6538461538461539,196,2,2,81.571,171,261,3,25,2,1,3,5,29,17,3,10,0.3,1,2,0.5,1776,26,65,1,27,36,0.75,272,3,2,100.694,272,337,1,0,1,1,3,3,61,24,6,10,0.6,0,1,0.0,1824,0
14,36,0,24,31,0.7741935483870968,197,0,2,66.196,180,216,2,17,1,1,3,10,106,14,2,7,0.286,0,0,0.0,1300,45,189,2,15,24,0.625,184,1,0,100.0,184,373,1,0,2,0,0,1,26,25,6,15,0.4,2,3,0.667,2300,0
25,89,0,24,36,0.6666666666666666,199,1,0,89.931,165,254,6,34,1,0,0,7,35,19,6,17,0.353,1,1,1.0,2028,27,107,1,19,31,0.6129032258064516,235,1,0,95.497,230,337,1,5,1,1,1,5,45,19,3,10,0.3,1,1,1.0,1572,0
28,143,2,31,49,0.6326530612244898,277,1,1,76.658,270,413,1,7,0,0,1,12,120,28,3,13,0.231,3,5,0.6,2182,21,80,0,25,39,0.6410256410256411,252,2,0,99.519,244,324,1,8,2,1,1,10,68,20,6,11,0.545,0,0,0.0,1787,1
31,149,0,14,31,0.45161290322580644,219,1,1,66.465,201,350,3,18,0,0,1,13,100,20,3,12,0.25,1,1,1.0,1953,18,80,0,19,38,0.5,177,0,0,63.158,154,234,3,23,2,0,0,8,94,15,2,13,0.154,1,3,0.333,1647,1
27,180,1,7,11,0.6363636363636364,70,0,1,43.75,48,228,3,22,1,0,1,7,50,11,1,7,0.143,0,1,0.0,1365,38,203,1,19,25,0.76,234,2,0,131.083,211,414,3,23,3,1,1,3,25,26,5,9,0.556,0,0,0.0,2235,0
24,101,0,26,40,0.65,317,4,0,122.604,313,414,1,4,0,0,0,8,49,23,5,13,0.385,2,3,0.667,1894,27,80,1,12,24,0.5,123,0,2,30.382,107,187,2,16,3,2,4,9,87,12,4,12,0.333,1,1,1.0,1706,1
11,62,0,27,46,0.5869565217391305,221,1,3,51.087,202,264,2,19,1,0,3,5,25,20,4,12,0.333,0,0,0.0,1426,34,163,2,26,31,0.8387096774193549,333,1,1,108.737,323,486,3,10,1,0,1,8,60,25,7,13,0.538,0,0,0.0,2174,0
38,171,1,21,31,0.6774193548387096,220,2,0,109.61,205,376,2,15,0,0,0,5,24,22,6,16,0.375,3,4,0.75,2169,22,104,2,20,32,0.625,207,0,0,81.12,204,308,1,3,2,1,1,5,25,20,1,9,0.111,0,0,0.0,1431,1
23,115,0,42,63,0.6666666666666666,400,2,0,94.676,382,497,4,18,4,1,1,7,52,31,11,18,0.611,2,3,0.667,2440,17,41,2,13,20,0.65,186,1,0,111.667,171,212,2,15,0,0,0,4,20,15,3,8,0.375,0,0,0.0,1160,0
22,84,1,25,41,0.6097560975609756,353,1,2,76.575,342,426,1,11,3,1,3,7,58,19,5,13,0.385,0,0,0.0,1790,31,145,0,12,25,0.48,170,1,0,83.75,148,293,3,22,0,0,0,4,40,12,4,14,0.286,0,1,0.0,1810,0
40,281,2,8,17,0.47058823529411764,106,0,2,27.696,82,363,5,24,2,0,2,6,32,17,6,14,0.429,0,0,0.0,1882,24,92,1,20,32,0.625,245,1,2,70.443,237,329,1,8,3,0,2,3,25,17,3,12,0.25,1,1,1.0,1718,1
28,69,0,23,36,0.6388888888888888,275,3,0,114.931,261,330,2,14,2,1,1,5,30,20,7,14,0.5,0,1,0.0,1944,20,76,0,28,52,0.5384615384615384,285,0,2,53.766,252,328,4,33,3,2,4,4,55,19,7,18,0.389,0,3,0.0,1656,1
27,82,0,27,37,0.7297297297297297,222,2,0,105.912,177,259,5,45,2,1,1,4,34,19,6,15,0.4,1,3,0.333,2012,23,58,1,20,36,0.5555555555555556,262,1,1,76.389,257,315,1,5,2,1,2,6,45,20,3,10,0.3,1,2,0.5,1588,1
25,123,2,24,41,0.5853658536585366,260,2,0,93.547,250,373,1,10,2,1,1,3,15,30,2,9,0.222,1,2,0.5,1556,35,139,2,25,41,0.6097560975609756,277,1,1,79.014,277,416,0,0,0,0,1,7,59,23,3,16,0.188,4,6,0.667,2044,1
28,145,3,22,32,0.6875,321,0,3,62.109,302,447,3,19,3,1,4,3,16,22,2,9,0.222,1,2,0.5,1764,26,188,1,18,29,0.6206896551724138,218,4,1,110.345,206,394,4,12,1,1,2,2,10,19,5,11,0.455,0,0,0.0,1836,0
19,96,0,27,45,0.6,307,2,1,86.065,300,396,1,7,1,0,1,6,44,24,1,12,0.083,3,3,1.0,1845,27,109,2,19,27,0.7037037037037037,264,1,1,98.38,252,361,1,12,1,0,1,7,85,19,5,10,0.5,0,1,0.0,1755,0
22,87,1,25,43,0.5813953488372093,211,0,0,70.979,153,240,9,58,2,1,1,4,48,20,6,17,0.353,0,2,0.0,1974,30,72,0,22,35,0.6285714285714286,340,3,0,123.512,328,400,3,12,1,0,0,5,52,21,5,15,0.333,2,3,0.667,1626,0
36,151,1,28,39,0.717948717948718,262,3,0,115.545,262,413,0,0,0,0,0,2,10,25,8,15,0.533,2,3,0.667,2307,12,26,0,25,45,0.5555555555555556,297,1,1,74.028,286,312,1,11,1,1,2,7,54,16,5,13,0.385,0,2,0.0,1293,1
23,112,0,32,44,0.7272727272727273,325,2,1,99.148,308,420,2,17,0,0,1,6,47,23,9,17,0.529,2,3,0.667,1906,31,179,2,13,20,0.65,229,1,1,99.792,207,386,3,22,2,1,2,2,15,24,4,7,0.571,0,0,0.0,1694,0
21,70,0,37,58,0.6379310344827587,314,0,0,77.802,295,365,2,19,1,0,0,6,50,23,6,18,0.333,4,5,0.8,2036,20,100,2,18,25,0.72,249,0,0,103.583,239,339,1,10,1,1,1,6,35,15,3,8,0.375,0,0,0.0,1564,0
25,67,0,27,35,0.7714285714285715,255,2,1,103.869,248,315,1,7,2,1,2,8,65,14,6,15,0.4,0,0,0.0,2005,14,34,0,31,42,0.7380952380952381,271,1,0,98.413,251,285,3,20,3,2,2,6,40,19,2,11,0.182,1,1,1.0,1595,1
33,101,1,20,33,0.6060606060606061,184,0,0,75.821,160,261,4,24,2,0,0,5,30,14,6,19,0.316,0,0,0.0,2069,19,88,0,18,29,0.6206896551724138,211,1,1,81.25,179,267,4,32,3,2,3,7,40,13,1,10,0.1,0,0,0.0,1531,1
30,176,1,21,31,0.6774193548387096,215,1,0,98.185,215,391,0,0,0,0,0,8,70,23,5,13,0.385,1,1,1.0,1962,25,167,1,20,37,0.5405405405405406,196,0,1,57.939,169,336,5,27,0,0,1,8,57,22,3,11,0.273,0,1,0.0,1638,1
30,67,1,21,32,0.65625,310,2,0,117.969,304,371,1,6,0,0,0,6,74,16,8,15,0.533,0,1,0.0,1895,22,85,0,22,37,0.5945945945945946,303,1,2,72.241,293,378,1,10,0,0,2,6,41,20,2,10,0.2,0,1,0.0,1705,1
25,81,1,26,39,0.6666666666666666,286,1,1,86.058,263,344,3,23,0,0,1,5,35,23,5,14,0.357,1,1,1.0,1933,27,111,2,20,28,0.7142857142857143,236,1,0,108.631,227,338,2,9,2,2,2,10,102,19,4,10,0.4,1,1,1.0,1667,1
35,177,2,21,35,0.6,234,0,1,68.036,226,403,1,8,1,1,2,7,51,22,5,14,0.357,2,3,0.667,2144,35,202,2,7,19,0.3684210526315789,139,0,1,41.338,131,333,1,8,1,0,1,1,15,19,3,9,0.333,0,0,0.0,1456,0
25,125,1,19,36,0.5277777777777778,213,1,1,68.403,201,326,1,12,2,1,2,4,31,22,4,11,0.364,1,1,1.0,1310,33,162,1,20,29,0.6896551724137931,144,1,2,63.003,134,296,2,10,0,0,2,9,70,22,6,13,0.462,1,2,0.5,2290,1
32,149,0,11,22,0.5,174,0,0,76.705,155,304,6,19,6,3,3,5,65,16,5,15,0.333,0,0,0.0,1723,44,262,2,9,16,0.5625,82,0,1,44.271,71,333,1,11,2,1,2,7,55,21,6,14,0.429,0,0,0.0,1877,0
23,38,0,27,37,0.7297297297297297,356,2,1,109.741,327,365,3,29,3,2,3,7,50,21,7,13,0.538,0,0,0.0,2037,28,127,1,17,21,0.8095238095238095,137,2,0,125.595,116,243,3,21,0,0,0,6,40,19,5,12,0.417,0,0,0.0,1563,0
27,142,0,25,42,0.5952380952380952,170,1,2,56.647,155,297,2,15,1,0,2,11,136,17,5,15,0.333,0,2,0.0,1986,29,62,0,15,27,0.5555555555555556,223,2,0,107.485,217,279,1,6,0,0,0,4,20,15,5,15,0.333,0,0,0.0,1614,0
33,235,3,23,30,0.7666666666666667,320,2,0,132.639,320,555,0,0,1,1,1,11,76,27,9,12,0.75,0,0,0.0,1986,25,145,2,27,40,0.675,384,4,1,121.25,375,520,1,9,1,1,2,8,59,27,4,10,0.4,3,3,1.0,1614,1
27,81,2,27,39,0.6923076923076923,340,2,0,113.194,338,419,1,2,2,1,1,6,61,22,8,16,0.5,1,2,0.5,1899,14,131,1,26,35,0.7428571428571429,246,2,2,88.512,215,346,4,31,1,0,2,9,67,16,4,12,0.333,0,2,0.0,1701,1
19,71,0,11,23,0.4782608695652174,174,2,1,84.33,148,219,4,26,5,4,5,4,38,13,2,7,0.286,0,1,0.0,1209,50,210,4,16,25,0.64,204,0,1,72.75,191,401,2,13,1,0,1,3,20,25,4,15,0.267,3,5,0.6,2391,0
31,119,2,17,26,0.6538461538461539,204,0,4,49.679,178,297,3,26,2,0,4,8,55,20,6,12,0.5,1,1,1.0,1801,29,98,1,19,37,0.5135135135135135,254,2,2,68.975,250,348,1,4,1,0,2,7,64,19,6,15,0.4,1,1,1.0,1799,0
37,132,1,23,32,0.71875,207,2,1,96.745,206,338,1,1,2,0,1,7,61,20,6,15,0.4,0,2,0.0,2315,13,40,0,22,36,0.6111111111111112,197,1,2,61.921,180,220,2,17,2,1,3,6,76,11,2,10,0.2,1,3,0.333,1285,1
20,85,1,17,25,0.68,237,2,0,124.917,214,299,3,23,1,1,1,7,50,12,3,11,0.273,1,2,0.5,1508,38,212,2,21,34,0.6176470588235294,188,0,0,76.593,173,385,2,15,0,0,0,4,25,25,7,14,0.5,0,0,0.0,2092,0
35,199,1,21,35,0.6,251,2,1,89.107,244,443,1,7,2,1,2,4,40,24,6,14,0.429,1,1,1.0,2209,33,167,1,15,21,0.7142857142857143,136,1,0,104.464,104,271,4,32,1,1,1,7,75,17,3,11,0.273,0,0,0.0,1991,1
6,3,1,39,52,0.75,385,3,0,114.663,373,376,1,12,2,2,2,5,40,27,6,10,0.6,0,0,0.0,1282,37,189,2,23,37,0.6216216216216216,249,3,1,97.691,228,417,3,21,0,0,1,4,32,27,12,17,0.706,0,1,0.0,2318,0
22,88,1,16,27,0.5925925925925926,239,1,0,100.694,239,327,0,0,1,0,0,4,25,13,5,12,0.417,0,1,0.0,1526,18,57,0,32,48,0.6666666666666666,254,0,1,71.007,200,257,7,54,1,1,2,1,5,21,5,15,0.333,2,2,1.0,2074,1
28,125,0,21,39,0.5384615384615384,274,0,2,54.861,250,375,4,24,2,0,2,7,49,18,2,15,0.133,1,2,0.5,1959,26,106,0,26,41,0.6341463414634146,251,0,2,60.112,200,306,6,51,4,0,2,8,64,19,4,16,0.25,0,0,0.0,2088,0
20,94,0,25,39,0.6410256410256411,222,2,0,96.314,207,301,2,15,2,0,0,7,37,22,4,10,0.4,0,1,0.0,1669,31,125,3,21,27,0.7777777777777778,217,0,0,100.154,213,338,1,4,1,0,0,6,63,24,6,11,0.545,0,1,0.0,1931,0
23,69,1,35,52,0.6730769230769231,351,1,0,92.708,351,420,0,0,0,0,0,6,45,26,9,16,0.562,0,1,0.0,1766,31,151,1,14,25,0.56,147,1,0,86.583,110,261,5,37,1,0,0,6,55,19,6,14,0.429,1,1,1.0,1834,1
18,120,1,22,36,0.6111111111111112,432,4,1,128.472,432,552,0,0,1,1,2,5,28,21,5,9,0.556,0,0,0.0,1432,17,54,0,34,52,0.6538461538461539,327,0,1,74.76,310,364,3,17,1,1,2,6,54,23,5,15,0.333,0,3,0.0,2168,1
24,78,1,15,21,0.7142857142857143,208,1,0,118.75,193,271,2,15,3,1,1,6,40,14,4,10,0.4,1,1,1.0,1396,31,117,3,33,42,0.7857142857142857,319,1,1,96.329,312,429,1,7,1,0,1,7,70,29,12,15,0.8,0,0,0.0,2204,0
31,213,3,21,34,0.6176470588235294,230,1,1,79.289,230,443,0,0,0,0,1,6,65,27,4,10,0.4,0,1,0.0,1802,34,238,2,22,34,0.6470588235294118,228,1,0,93.75,227,465,1,1,0,0,0,4,17,26,3,10,0.3,0,2,0.0,1798,0
27,101,0,19,35,0.5428571428571428,229,0,1,62.679,211,312,2,18,1,1,2,7,82,17,4,12,0.333,0,6,0.0,1711,35,176,0,17,21,0.8095238095238095,188,1,1,100.0,188,364,0,0,1,0,1,6,46,22,3,9,0.333,0,0,0.0,1889,0
26,136,0,25,47,0.5319148936170213,286,0,2,54.034,286,422,0,0,0,0,2,6,48,22,6,14,0.429,0,3,0.0,1693,31,116,1,16,24,0.6666666666666666,140,0,0,81.944,132,248,1,8,0,0,0,4,25,15,5,13,0.385,0,0,0.0,1907,0
33,135,5,14,21,0.6666666666666666,210,0,0,99.306,187,322,2,23,0,0,0,5,105,21,5,11,0.455,0,1,0.0,1858,26,137,2,19,34,0.5588235294117647,166,0,1,56.74,158,295,2,8,1,1,2,11,102,19,4,11,0.364,0,2,0.0,1742,1
21,151,1,16,25,0.64,268,3,0,139.667,245,396,3,23,2,1,1,12,85,15,1,9,0.111,0,1,0.0,1345,48,235,3,17,25,0.68,209,2,1,103.583,203,438,1,6,2,1,2,6,57,26,8,14,0.571,0,0,0.0,2255,0
17,43,0,25,38,0.6578947368421053,359,2,1,102.851,342,385,3,17,3,0,1,9,71,17,1,11,0.091,1,2,0.5,1640,32,105,2,15,25,0.6,181,1,0,95.583,136,241,5,45,0,0,0,8,69,15,4,14,0.286,1,1,1.0,1960,0
29,153,2,18,30,0.6,253,2,0,109.444,244,397,2,9,2,1,1,9,50,22,7,12,0.583,0,0,0.0,1818,17,64,1,25,42,0.5952380952380952,275,0,1,69.048,244,308,6,31,2,0,1,5,33,15,3,15,0.2,3,5,0.6,1782,1
26,124,1,28,42,0.6666666666666666,250,1,1,80.456,239,363,1,11,0,0,1,2,15,23,8,14,0.571,1,1,1.0,1521,33,139,2,26,36,0.7222222222222222,239,0,0,89.931,218,357,2,21,1,0,0,3,30,24,6,13,0.462,1,1,1.0,2079,0
34,163,1,10,16,0.625,102,0,0,80.729,76,239,3,26,2,0,0,5,42,10,5,15,0.333,0,0,0.0,1770,15,38,0,29,44,0.6590909090909091,320,1,1,85.417,285,323,5,35,2,2,3,3,25,14,6,17,0.353,1,1,1.0,1830,1
21,101,1,24,35,0.6857142857142857,217,1,1,82.679,190,291,3,27,0,0,1,4,20,20,4,10,0.4,0,1,0.0,1801,28,155,0,19,32,0.59375,174,1,1,71.615,170,325,1,4,1,0,1,6,48,22,5,11,0.455,0,1,0.0,1799,0
24,155,1,19,30,0.6333333333333333,241,2,0,110.556,223,378,2,18,1,0,0,11,99,18,5,12,0.417,1,2,0.5,1733,23,103,0,29,43,0.6744186046511628,292,4,0,117.587,265,368,3,27,0,0,0,5,72,29,7,12,0.583,0,0,0.0,1867,0
37,237,0,14,27,0.5185185185185185,190,1,1,71.528,154,391,5,36,2,1,2,4,42,20,5,13,0.385,1,4,0.25,1932,28,128,1,12,22,0.5454545454545454,99,0,0,66.288,86,214,3,13,1,0,0,7,36,14,2,11,0.182,0,0,0.0,1668,0
16,50,0,29,41,0.7073170731707317,296,2,2,87.043,296,346,0,0,1,1,3,5,30,21,3,8,0.375,0,1,0.0,1595,40,168,1,13,14,0.9285714285714286,129,2,0,144.643,121,289,2,8,1,0,0,5,40,18,9,14,0.643,0,0,0.0,2005,0
14,75,1,28,37,0.7567567567567568,300,3,0,125.957,273,348,3,27,1,1,1,3,30,21,6,10,0.6,0,0,0.0,1666,34,228,1,19,36,0.5277777777777778,178,1,0,75.926,171,399,1,7,0,0,0,4,34,22,8,17,0.471,0,1,0.0,1934,1
18,70,0,21,45,0.4666666666666667,266,1,2,54.491,258,328,4,8,3,2,4,7,63,16,4,15,0.267,3,5,0.6,1495,29,98,3,24,34,0.7058823529411765,309,2,0,118.382,301,399,2,8,1,1,1,12,92,20,7,14,0.5,0,0,0.0,2105,0
16,45,1,42,58,0.7241379310344828,389,3,0,107.615,389,434,0,0,2,0,0,7,52,29,10,15,0.667,0,0,0.0,1729,33,243,3,20,22,0.9090909090909091,165,1,0,113.068,136,379,4,29,2,1,1,4,44,25,5,10,0.5,1,2,0.5,1871,1
20,60,0,28,45,0.6222222222222222,254,1,0,84.861,218,278,4,36,2,1,1,7,42,15,4,16,0.25,1,4,0.25,1872,33,179,2,10,18,0.5555555555555556,110,0,0,73.843,99,278,2,11,0,0,0,7,79,14,1,11,0.091,0,0,0.0,1728,0
17,78,1,20,30,0.6666666666666666,175,2,0,104.167,156,234,3,19,1,0,0,2,20,11,2,12,0.167,0,0,0.0,1471,20,73,0,30,47,0.6382978723404256,418,2,2,88.785,385,458,6,33,2,1,3,10,97,23,4,14,0.286,1,2,0.5,2129,1
31,83,1,19,27,0.7037037037037037,173,2,0,112.114,155,238,4,18,1,1,1,3,25,18,7,14,0.5,0,0,0.0,1912,24,211,1,17,32,0.53125,210,1,1,71.094,195,406,2,15,2,1,2,10,74,23,4,10,0.4,0,0,0.0,1688,1
26,75,0,25,40,0.625,243,1,0,87.812,229,304,2,14,1,0,0,6,42,20,4,14,0.286,2,2,1.0,1801,29,77,0,20,30,0.6666666666666666,211,2,0,109.167,193,270,2,18,1,0,0,7,45,15,7,15,0.467,1,1,1.0,1799,0
21,93,0,13,21,0.6190476190476191,119,0,1,57.44,110,203,2,9,0,0,1,3,30,8,2,10,0.2,0,0,0.0,1375,29,111,2,26,33,0.7878787878787878,253,1,1,96.086,249,360,1,4,0,0,1,7,49,22,6,12,0.5,0,0,0.0,2225,0
30,136,1,20,31,0.6451612903225806,197,0,0,82.325,160,296,5,37,2,1,1,6,44,19,4,14,0.286,0,1,0.0,1756,28,144,0,23,37,0.6216216216216216,222,0,1,67.624,171,315,6,51,3,1,2,6,53,15,4,16,0.25,1,5,0.2,1844,1
31,125,0,27,40,0.675,329,3,0,117.604,318,443,1,11,1,1,1,7,35,26,4,11,0.364,1,3,0.333,1888,18,68,0,25,40,0.625,338,2,2,85.208,319,387,3,19,1,0,2,5,58,23,4,11,0.364,1,1,1.0,1712,1
26,134,1,18,38,0.47368421052631576,181,1,3,37.281,181,315,0,0,0,0,3,10,72,21,4,10,0.4,0,1,0.0,1530,39,136,1,15,25,0.6,155,2,0,104.583,132,268,4,23,1,0,0,2,10,22,6,14,0.429,1,1,1.0,2070,0
23,98,0,15,28,0.5357142857142857,188,1,0,86.607,160,258,4,28,3,1,1,10,151,13,4,14,0.286,0,0,0.0,1713,24,73,1,37,57,0.6491228070175439,238,0,1,66.265,224,297,2,14,0,0,1,9,89,24,11,22,0.5,1,3,0.333,2329,0
22,85,0,32,49,0.6530612244897959,409,4,3,92.985,409,494,0,0,0,0,3,8,49,25,6,13,0.462,1,1,1.0,1742,29,137,2,20,29,0.6896551724137931,204,1,0,100.359,189,326,2,15,2,0,0,4,20,21,3,10,0.3,1,1,1.0,1858,0
21,78,2,34,42,0.8095238095238095,481,3,0,138.194,459,537,3,22,0,0,0,5,17,29,7,11,0.636,0,1,0.0,1985,29,107,1,8,13,0.6153846153846154,124,1,0,118.75,107,214,3,17,1,0,0,3,22,13,4,10,0.4,0,0,0.0,1615,1
16,46,0,32,49,0.6530612244897959,290,0,0,81.165,276,322,1,14,1,0,0,4,30,17,2,12,0.167,1,3,0.333,1836,27,173,1,16,22,0.7272727272727273,177,2,0,126.515,170,343,1,7,0,0,0,3,15,14,4,12,0.333,0,0,0.0,1764,0
24,113,2,22,27,0.8148148148148148,258,0,0,106.481,223,336,5,35,3,2,2,6,45,18,2,11,0.182,1,1,1.0,1556,44,160,2,9,16,0.5625,120,0,0,80.208,94,254,3,26,1,1,1,3,53,17,7,15,0.467,2,2,1.0,2044,0
17,65,0,33,44,0.75,243,1,2,76.231,227,292,3,16,1,1,3,4,28,17,4,13,0.308,1,1,1.0,1707,35,138,0,13,20,0.65,132,0,0,83.75,116,254,2,16,1,1,1,2,15,16,5,12,0.417,0,0,0.0,1893,0
25,117,0,21,26,0.8076923076923077,228,0,2,71.154,195,312,5,33,5,3,5,8,59,18,3,9,0.333,0,0,0.0,1874,32,139,2,19,25,0.76,207,1,0,113.25,191,330,2,16,2,1,1,7,55,21,3,9,0.333,0,0,0.0,1726,0
38,166,0,20,33,0.6060606060606061,201,2,1,85.543,198,364,1,3,0,0,1,7,54,22,7,16,0.438,0,0,0.0,2227,12,38,0,23,35,0.6571428571428571,194,2,0,98.988,194,232,0,0,3,1,1,9,69,16,0,6,0.0,0,1,0.0,1373,1
21,142,2,22,44,0.5,310,0,0,73.106,310,452,0,0,1,1,1,13,81,27,6,13,0.462,2,4,0.5,1550,39,236,1,19,30,0.6333333333333333,202,1,0,94.028,200,436,1,2,0,0,0,8,67,27,6,12,0.5,0,1,0.0,2050,0
27,164,3,21,27,0.7777777777777778,241,1,0,116.204,236,400,1,5,2,0,0,5,44,25,4,9,0.444,1,1,1.0,1843,23,108,0,28,41,0.6829268292682927,302,2,1,95.783,296,404,1,6,0,0,1,3,14,21,9,15,0.6,1,2,0.5,1757,1
28,105,1,24,46,0.5217391304347826,225,0,1,56.884,219,324,1,6,1,0,1,4,34,21,5,16,0.312,1,3,0.333,1943,24,155,1,16,26,0.6153846153846154,121,0,0,72.756,105,260,3,16,0,0,0,11,85,10,3,14,0.214,0,0,0.0,1657,0
21,101,0,29,46,0.6304347826086957,369,2,2,84.42,343,444,5,26,1,1,3,10,80,25,8,14,0.571,0,0,0.0,2025,21,112,3,25,36,0.6944444444444444,423,3,1,125.116,417,529,1,6,2,1,2,8,84,24,6,9,0.667,0,0,0.0,1575,0
34,213,2,20,27,0.7407407407407407,210,2,1,105.478,191,404,2,19,1,1,2,7,68,24,5,9,0.556,0,0,0.0,2037,15,53,1,33,51,0.6470588235294118,293,2,1,84.845,276,329,3,17,2,1,2,7,70,21,5,15,0.333,1,3,0.333,1563,1
23,95,0,32,44,0.7272727272727273,257,1,3,66.193,246,341,2,11,0,0,3,5,40,19,4,14,0.286,2,2,1.0,1996,27,111,0,21,35,0.6,261,1,0,92.679,261,372,0,0,0,0,0,5,30,17,4,14,0.286,0,1,0.0,1604,0
45,243,2,13,21,0.6190476190476191,179,1,1,85.218,147,390,4,32,5,0,1,4,35,24,11,18,0.611,0,1,0.0,2234,19,70,1,17,28,0.6071428571428571,198,1,3,54.464,190,260,1,8,1,1,4,4,30,12,5,10,0.5,0,1,0.0,1366,1
15,44,1,26,44,0.5909090909090909,325,1,0,89.678,305,349,3,20,1,1,1,4,35,20,4,13,0.308,1,1,1.0,1297,33,231,1,27,38,0.7105263157894737,238,2,0,104.934,222,453,3,16,0,0,0,7,101,27,6,13,0.462,0,1,0.0,2303,0
28,101,2,18,30,0.6,252,1,1,84.306,230,331,3,22,0,0,1,12,80,18,2,11,0.182,2,3,0.667,1556,32,191,1,18,31,0.5806451612903226,133,1,2,52.218,114,305,2,19,1,0,2,5,54,24,4,11,0.364,0,0,0.0,2044,1
19,82,2,27,37,0.7297297297297297,321,1,0,108.052,311,393,1,10,0,0,0,6,30,22,4,9,0.444,1,2,0.5,1538,26,107,1,29,36,0.8055555555555556,382,3,0,138.657,369,476,2,13,1,1,1,7,55,27,8,12,0.667,1,1,1.0,2062,0
24,144,0,27,40,0.675,196,1,1,76.667,158,302,6,38,2,1,2,9,60,21,1,12,0.083,4,4,1.0,2058,20,111,1,20,30,0.6666666666666666,308,4,0,140.0,290,401,3,18,0,0,0,8,60,20,7,12,0.583,1,1,1.0,1542,0
36,169,3,19,36,0.5277777777777778,317,1,1,80.44,309,478,1,8,0,0,1,9,74,23,5,13,0.385,1,2,0.5,1891,37,167,0,20,28,0.7142857142857143,253,3,2,105.208,239,406,2,14,1,0,2,7,64,21,6,12,0.5,0,0,0.0,2194,0
43,240,2,18,24,0.75,156,2,0,119.444,131,371,4,25,1,1,1,6,45,22,6,15,0.4,2,3,0.667,2164,29,200,4,21,27,0.7777777777777778,250,2,1,114.506,242,442,1,8,0,0,1,6,41,24,9,11,0.818,0,0,0.0,1436,0
29,173,3,24,36,0.6666666666666666,232,2,0,103.009,208,381,3,24,1,1,1,10,86,25,6,13,0.462,0,1,0.0,1767,22,78,0,31,44,0.7045454545454546,326,3,2,95.455,297,375,4,29,2,1,3,10,67,25,4,11,0.364,0,1,0.0,1833,1
32,136,1,23,31,0.7419354838709677,231,2,0,116.465,231,367,0,0,0,0,0,5,27,22,7,12,0.583,0,1,0.0,2091,13,38,0,23,39,0.5897435897435898,173,0,1,59.028,145,183,4,28,0,0,1,6,59,13,5,14,0.357,2,3,0.667,1509,1
34,127,0,24,35,0.6857142857142857,194,1,1,79.94,161,288,6,33,1,0,1,6,54,19,6,19,0.316,1,2,0.5,2134,15,51,0,20,41,0.4878048780487805,355,2,3,64.583,336,387,2,19,0,0,3,4,41,17,5,14,0.357,0,1,0.0,1466,1
18,43,0,17,30,0.5666666666666667,152,1,1,67.639,118,161,3,34,0,0,1,6,45,10,2,14,0.143,2,2,1.0,1512,45,314,2,6,10,0.6,55,0,1,35.417,40,354,3,15,1,1,2,6,35,16,4,12,0.333,1,1,1.0,2088,0
23,111,1,22,26,0.8461538461538461,269,3,0,148.237,257,368,3,12,1,0,0,3,8,22,5,9,0.556,0,0,0.0,1796,21,56,1,22,33,0.6666666666666666,187,1,0,91.351,167,223,2,20,0,0,0,4,50,16,8,13,0.615,0,0,0.0,1804,1
28,96,1,23,31,0.7419354838709677,279,1,1,98.723,266,362,2,13,0,0,1,3,52,20,2,12,0.167,2,3,0.667,1840,29,135,1,17,23,0.7391304347826086,201,0,0,100.091,189,324,2,12,2,2,2,3,25,15,5,12,0.417,0,0,0.0,1760,1
25,87,1,23,34,0.6764705882352942,212,2,0,104.044,190,277,3,22,1,1,1,3,25,19,3,13,0.231,2,2,1.0,1586,28,78,1,17,31,0.5483870967741935,176,0,0,71.438,147,225,5,29,3,2,2,6,53,14,6,16,0.375,0,1,0.0,2014,1
27,153,1,13,25,0.52,218,2,2,75.083,216,369,2,2,1,0,2,4,35,20,2,7,0.286,0,0,0.0,1572,31,208,0,19,30,0.6333333333333333,203,2,1,91.389,190,398,2,13,0,0,1,8,58,21,6,12,0.5,0,2,0.0,2028,1
10,36,0,25,35,0.7142857142857143,232,2,1,96.369,193,229,5,39,1,1,2,2,6,15,4,10,0.4,0,1,0.0,1395,44,172,3,17,23,0.7391304347826086,278,1,1,110.417,268,440,2,10,1,1,2,6,56,24,8,13,0.615,0,0,0.0,2205,0
32,168,0,13,22,0.5909090909090909,154,2,2,72.917,135,303,3,19,0,0,2,4,24,20,2,9,0.222,0,0,0.0,1907,31,143,2,21,27,0.7777777777777778,243,2,0,128.858,217,360,4,26,2,1,1,4,31,24,5,10,0.5,2,2,1.0,1693,0
22,134,2,18,34,0.5294117647058824,205,0,2,46.814,183,317,5,22,2,0,2,3,30,19,8,13,0.615,0,1,0.0,1636,34,174,1,18,25,0.72,154,1,0,101.083,136,310,2,18,2,1,1,3,30,21,5,13,0.385,2,2,1.0,1964,0
25,106,0,23,43,0.5348837209302325,291,1,3,53.537,283,389,1,8,2,0,3,8,81,19,8,15,0.533,1,4,0.25,2082,31,117,0,14,26,0.5384615384615384,137,2,1,78.526,137,254,0,0,0,0,1,7,62,19,6,11,0.545,0,2,0.0,1518,0
30,137,0,15,28,0.5357142857142857,149,2,1,77.827,126,263,3,23,0,0,1,3,26,18,3,10,0.3,0,1,0.0,1847,22,56,0,23,41,0.5609756097560976,262,2,1,81.555,245,301,2,17,0,0,1,5,42,17,7,16,0.438,0,0,0.0,1753,0
24,91,1,30,43,0.6976744186046512,245,1,1,82.025,245,336,0,0,1,1,2,5,45,19,8,16,0.5,1,1,1.0,1691,35,201,2,12,23,0.5217391304347826,129,0,0,68.931,114,315,2,15,2,2,2,2,15,19,5,11,0.455,0,0,0.0,1909,1
39,241,5,25,31,0.8064516129032258,228,1,0,108.065,223,464,2,5,1,0,0,5,35,30,6,10,0.6,0,0,0.0,2361,18,64,1,17,30,0.5666666666666667,164,2,2,66.528,164,228,0,0,1,1,3,7,50,13,2,8,0.25,1,1,1.0,1239,1
40,252,1,17,28,0.6071428571428571,123,3,0,106.696,116,368,2,7,0,0,0,4,92,23,10,16,0.625,1,2,0.5,2086,23,77,1,21,30,0.7,302,3,0,135.694,302,379,0,0,1,0,0,3,38,21,5,10,0.5,0,2,0.0,1514,0
22,78,0,15,29,0.5172413793103449,103,0,1,45.618,43,121,9,60,0,0,1,2,15,8,0,14,0.0,0,2,0.0,1734,28,70,0,20,30,0.6666666666666666,147,1,0,89.167,133,203,4,14,2,1,1,4,35,11,6,17,0.353,0,0,0.0,1866,0
19,73,0,21,36,0.5833333333333334,259,2,0,99.19,248,321,2,11,1,1,1,5,45,16,3,12,0.25,1,3,0.333,1655,37,168,2,25,31,0.8064516129032258,235,1,0,109.005,235,403,0,0,1,1,1,4,30,22,9,15,0.6,0,0,0.0,1945,0
34,158,2,26,34,0.7647058823529411,275,2,1,106.863,263,421,2,12,1,0,1,6,34,27,10,15,0.667,0,1,0.0,2071,21,122,0,25,35,0.7142857142857143,175,2,0,101.488,140,262,5,35,3,1,1,12,77,15,6,14,0.429,0,2,0.0,2033,1
20,51,0,36,58,0.6206896551724138,280,1,0,79.67,272,323,1,8,0,0,0,7,55,18,9,21,0.429,0,2,0.0,1876,24,68,0,13,27,0.48148148148148145,165,1,0,80.015,138,206,4,27,3,0,0,4,53,9,4,15,0.267,0,0,0.0,1724,1
29,172,2,5,16,0.3125,80,0,0,48.958,57,229,3,23,0,0,0,8,51,9,1,11,0.091,0,1,0.0,1583,19,77,1,43,68,0.6323529411764706,446,1,1,80.882,422,499,4,24,0,0,1,10,69,29,8,19,0.421,2,2,1.0,2488,0
15,48,0,20,30,0.6666666666666666,223,1,1,85.833,195,243,4,28,0,0,1,5,40,13,3,11,0.273,1,1,1.0,1333,40,188,2,12,22,0.5454545454545454,133,1,0,87.879,131,319,3,2,1,0,0,5,31,23,9,15,0.6,0,0,0.0,2267,0
47,232,2,10,16,0.625,108,0,0,82.292,101,333,1,7,0,0,0,10,89,18,6,15,0.4,0,0,0.0,2052,25,138,0,19,30,0.6333333333333333,186,2,1,89.028,153,291,5,33,0,0,1,4,37,20,3,11,0.273,0,2,0.0,1548,1
14,39,0,23,33,0.696969696969697,275,2,0,115.088,244,283,3,31,1,1,1,6,46,19,1,9,0.111,2,2,1.0,1385,44,161,1,22,30,0.7333333333333333,258,2,2,93.472,258,419,0,0,0,0,2,4,40,26,10,15,0.667,0,0,0.0,2215,0
27,175,2,29,43,0.6744186046511628,330,1,2,78.634,311,486,2,19,2,2,4,7,64,29,7,13,0.538,0,1,0.0,2026,25,147,2,30,50,0.6,357,1,2,71.833,334,481,4,23,2,0,2,7,64,24,7,17,0.412,3,5,0.6,2102,0
24,112,1,22,35,0.6285714285714286,212,1,0,89.226,185,297,3,27,2,1,1,6,52,20,5,12,0.417,2,5,0.4,1606,33,195,2,26,33,0.7878787878787878,302,3,0,135.101,296,491,1,6,1,0,0,5,43,29,6,11,0.545,1,2,0.5,1994,0
25,65,0,21,42,0.5,286,1,1,70.139,248,313,6,38,3,0,1,8,50,18,4,17,0.235,2,3,0.667,2037,23,63,0,19,36,0.5277777777777778,255,2,0,94.097,244,307,1,11,2,1,1,9,60,14,6,16,0.375,0,0,0.0,1563,0
19,101,0,22,37,0.5945945945945946,319,1,1,85.304,286,387,4,33,2,1,2,7,40,22,3,10,0.3,0,0,0.0,1600,47,191,1,13,17,0.7647058823529411,197,2,0,153.309,176,367,3,21,0,0,0,5,24,19,7,14,0.5,0,0,0.0,2000,0
35,258,2,12,20,0.6,167,2,1,99.375,150,408,3,17,1,0,1,9,86,19,6,11,0.545,0,1,0.0,1752,31,95,2,19,26,0.7307692307692307,236,1,0,113.622,228,323,2,8,1,0,0,2,15,25,5,11,0.455,1,1,1.0,1848,0
16,75,0,29,40,0.725,259,2,0,106.146,240,315,5,19,0,0,0,5,30,17,4,14,0.286,2,2,1.0,1768,27,155,0,26,35,0.7428571428571429,331,4,1,129.583,331,486,0,0,3,2,3,0,0,26,7,10,0.7,1,1,1.0,1832,0
15,29,0,17,28,0.6071428571428571,174,1,2,60.714,157,186,2,17,2,0,2,10,74,10,3,12,0.25,0,1,0.0,1264,43,217,2,18,30,0.6,199,0,0,79.722,162,379,6,37,1,0,0,3,40,28,9,17,0.529,1,1,1.0,2336,0
30,207,2,21,28,0.75,222,1,0,109.524,208,415,1,14,2,1,1,4,25,20,6,11,0.545,0,0,0.0,1741,24,77,1,24,38,0.631578947368421,248,2,0,99.452,232,309,2,16,0,0,0,10,74,18,5,13,0.385,1,3,0.333,1859,1
39,207,1,14,20,0.7,224,3,0,146.667,208,415,2,16,3,2,2,6,40,20,6,13,0.462,1,1,1.0,2155,31,159,1,27,46,0.5869565217391305,265,3,2,78.623,262,421,2,3,1,0,2,9,83,24,5,15,0.333,2,3,0.667,1859,1
26,78,2,26,37,0.7027027027027027,238,1,0,96.453,220,298,2,18,2,0,0,10,67,18,5,15,0.333,3,3,1.0,1921,20,66,1,25,37,0.6756756756756757,209,1,1,79.673,190,256,3,19,2,1,2,5,29,18,3,11,0.273,2,2,1.0,1679,1
41,157,2,19,28,0.6785714285714286,240,0,0,94.345,230,387,1,10,1,1,1,5,52,22,9,17,0.529,1,1,1.0,2219,16,51,0,21,37,0.5675675675675675,196,1,1,69.2,187,238,3,9,1,0,1,1,5,12,6,16,0.375,0,1,0.0,1381,1
49,152,2,17,29,0.5862068965517241,211,0,1,66.882,178,330,3,33,2,1,2,5,58,25,12,21,0.571,1,1,1.0,2424,20,94,1,17,26,0.6538461538461539,175,2,1,94.231,170,264,1,5,3,3,4,7,75,18,5,8,0.625,0,0,0.0,1176,1
19,56,0,24,39,0.6153846153846154,227,2,0,94.712,215,271,1,12,1,0,0,5,40,15,7,14,0.5,0,2,0.0,1652,32,88,1,24,29,0.8275862068965517,337,3,1,135.201,320,408,3,17,0,0,1,2,19,21,7,13,0.538,1,2,0.5,1948,0
33,171,1,18,27,0.6666666666666666,197,1,0,100.386,186,357,2,11,0,0,0,8,89,22,3,11,0.273,0,0,0.0,1718,26,80,0,28,41,0.6829268292682927,324,3,0,116.311,316,396,1,8,1,1,1,6,42,27,4,11,0.364,1,2,0.5,1882,1
37,160,4,17,26,0.6538461538461539,165,0,0,83.013,165,325,0,0,1,0,0,5,45,23,6,13,0.462,0,0,0.0,1908,26,89,2,27,44,0.6136363636363636,341,1,2,74.148,324,413,2,17,1,1,3,8,63,25,5,13,0.385,2,3,0.667,1692,1
40,153,1,15,27,0.5555555555555556,191,0,0,77.855,191,344,0,0,1,0,0,5,36,20,3,13,0.231,2,2,1.0,2096,16,21,1,19,33,0.5757575757575758,169,0,2,46.149,127,148,5,42,0,0,2,2,15,11,2,13,0.154,4,4,1.0,1504,1
26,99,0,23,27,0.8518518518518519,246,0,0,104.63,198,297,6,48,1,0,0,8,55,13,4,15,0.267,0,1,0.0,2130,23,59,0,9,22,0.4090909090909091,77,0,0,50.758,44,103,4,33,1,0,0,3,15,6,3,14,0.214,0,0,0.0,1470,1
41,160,2,14,21,0.6666666666666666,153,1,1,84.028,128,288,4,25,2,0,1,7,56,20,9,16,0.562,0,0,0.0,2110,33,149,1,13,20,0.65,131,1,0,100.208,131,280,0,0,2,2,2,2,13,18,2,9,0.222,1,1,1.0,1490,0
17,36,0,21,33,0.6363636363636364,196,0,2,54.609,169,205,4,27,2,1,3,9,66,13,3,12,0.25,0,1,0.0,1606,30,115,1,24,33,0.7272727272727273,209,0,1,76.452,193,308,3,16,0,0,1,10,93,19,6,15,0.4,0,0,0.0,1994,0
26,99,1,23,32,0.71875,213,0,0,89.714,185,284,4,28,2,1,1,8,90,14,5,15,0.333,0,1,0.0,1838,33,141,1,18,25,0.72,190,1,0,107.083,173,314,3,17,4,2,2,7,55,18,5,12,0.417,1,2,0.5,1762,0
24,88,0,22,28,0.7857142857142857,274,3,0,143.155,235,323,4,39,0,0,0,2,15,19,4,11,0.364,0,0,0.0,1867,30,148,0,16,28,0.5714285714285714,223,2,0,106.696,188,336,4,35,0,0,0,6,55,17,5,14,0.357,1,2,0.5,1733,1
28,94,1,24,31,0.7741935483870968,247,0,0,99.798,226,320,3,21,2,0,0,5,45,19,3,12,0.25,0,0,0.0,1737,24,109,0,23,37,0.6216216216216216,307,2,0,106.475,298,407,1,9,0,0,0,9,98,20,3,11,0.273,0,0,0.0,1959,0
24,62,0,24,39,0.6153846153846154,355,4,2,104.113,346,408,2,9,0,0,2,6,44,22,3,9,0.333,0,0,0.0,1896,24,102,2,25,42,0.5952380952380952,265,1,0,85.913,249,351,2,16,1,0,0,8,70,17,8,17,0.471,0,1,0.0,1704,1
17,73,0,17,30,0.5666666666666667,159,0,0,71.389,110,183,7,49,2,1,1,7,59,16,1,11,0.091,0,0,0.0,1356,40,151,2,26,30,0.8666666666666667,307,2,0,131.528,307,458,0,0,1,0,0,6,39,23,12,17,0.706,0,0,0.0,2244,0
30,115,1,23,30,0.7666666666666667,280,2,1,113.194,250,365,5,30,1,1,2,4,25,22,8,14,0.571,0,0,0.0,1939,27,163,0,20,34,0.5882352941176471,329,3,0,120.833,322,485,1,7,2,1,1,4,54,23,5,10,0.5,0,0,0.0,1661,0
24,67,1,30,44,0.6818181818181818,277,0,2,66.193,247,314,3,30,1,0,2,5,50,19,8,16,0.5,0,2,0.0,1851,28,159,1,20,29,0.6896551724137931,228,4,0,131.897,228,387,0,0,0,0,0,3,30,21,6,11,0.545,0,0,0.0,1749,0
29,164,1,24,42,0.5714285714285714,253,2,1,80.754,237,401,3,16,1,0,1,5,36,28,7,12,0.583,0,0,0.0,1886,28,96,1,23,37,0.6216216216216216,240,2,0,98.93,230,326,2,10,4,2,2,3,32,22,6,15,0.4,3,3,1.0,1714,1
39,169,2,21,30,0.7,261,2,2,91.111,261,430,0,0,1,0,2,13,86,26,7,11,0.636,0,1,0.0,2049,21,90,1,21,35,0.6,228,1,0,88.75,210,300,3,18,1,0,0,7,66,21,3,11,0.273,0,2,0.0,1551,1
27,57,0,31,38,0.8157894736842105,310,3,1,116.009,301,358,1,9,0,0,1,3,20,23,8,15,0.533,0,0,0.0,2177,13,45,0,28,39,0.717948717948718,382,2,0,119.818,364,409,3,18,1,0,0,6,55,17,3,10,0.3,0,1,0.0,1423,1
28,108,1,22,37,0.5945945945945946,270,1,0,91.047,266,374,1,4,0,0,0,9,80,21,5,14,0.357,0,0,0.0,1906,21,63,0,22,34,0.6470588235294118,291,0,0,91.667,281,344,1,10,1,0,0,8,57,15,7,16,0.438,0,0,0.0,1694,1
34,189,2,23,37,0.6216216216216216,210,1,1,75.282,178,367,4,32,0,0,1,5,42,22,5,17,0.294,2,4,0.5,2344,20,96,0,29,43,0.6744186046511628,246,2,0,97.626,229,325,3,17,0,0,0,9,70,16,4,15,0.267,1,1,1.0,1837,1
14,36,1,26,39,0.6666666666666666,215,1,2,67.788,174,210,5,41,3,1,3,5,45,14,2,13,0.154,1,1,1.0,1653,26,66,1,23,41,0.5609756097560976,305,1,0,87.957,273,339,5,32,1,1,1,4,35,25,4,15,0.267,1,1,1.0,1947,0
20,38,0,29,37,0.7837837837837838,321,3,0,129.842,294,332,4,27,2,1,1,4,19,18,4,13,0.308,2,3,0.667,1641,35,162,1,16,32,0.5,254,1,0,87.24,253,415,1,1,3,2,2,3,20,24,8,14,0.571,0,1,0.0,1959,1
37,176,0,14,23,0.6086956521739131,138,2,1,88.678,138,314,0,0,0,0,1,4,28,20,5,12,0.417,1,1,1.0,1989,29,167,0,15,25,0.6,174,1,1,77.75,165,332,1,9,0,0,1,2,20,18,4,10,0.4,0,1,0.0,1611,1
19,121,0,19,35,0.5428571428571428,142,1,0,73.75,125,246,3,17,2,2,2,4,44,14,4,14,0.286,0,1,0.0,1377,46,185,1,11,19,0.5789473684210527,164,1,0,103.838,164,349,0,0,2,1,1,4,34,19,2,12,0.167,2,2,1.0,2223,0
29,127,0,14,25,0.56,179,1,1,75.25,165,292,2,14,2,0,1,1,10,14,4,13,0.308,2,3,0.667,1675,32,158,1,22,29,0.7586206896551724,315,3,0,145.043,308,466,1,7,2,0,0,1,5,22,7,12,0.583,0,1,0.0,1925,0
23,65,2,27,37,0.7297297297297297,328,2,1,106.588,307,372,3,21,1,1,2,2,10,22,3,9,0.333,0,0,0.0,1685,40,283,2,25,36,0.6944444444444444,295,3,2,98.727,293,576,1,2,1,0,2,7,50,27,8,14,0.571,1,2,0.5,2255,0
34,181,1,18,29,0.6206896551724138,191,2,1,89.871,185,366,1,6,1,1,2,3,19,20,7,13,0.538,0,1,0.0,1835,13,65,0,35,47,0.7446808510638298,274,3,0,109.707,246,311,4,28,1,0,0,4,30,22,6,13,0.462,0,0,0.0,1765,0
30,117,1,27,42,0.6428571428571429,320,1,1,85.417,320,437,0,0,1,1,2,3,25,29,5,11,0.455,0,0,0.0,1946,28,116,0,14,24,0.5833333333333334,106,1,2,48.264,82,198,3,24,0,0,2,5,25,13,5,13,0.385,3,3,1.0,1654,1
22,63,0,18,30,0.6,204,0,0,80.417,197,260,1,7,2,2,2,6,46,14,4,11,0.364,0,1,0.0,1510,29,96,0,26,37,0.7027027027027027,222,1,0,94.651,221,317,1,1,0,0,0,7,64,21,5,13,0.385,1,2,0.5,2090,0
21,106,1,17,25,0.68,253,3,2,107.167,236,342,3,17,0,0,2,4,35,19,1,7,0.143,1,1,1.0,1466,49,363,3,16,28,0.5714285714285714,153,2,0,96.28,137,500,2,16,2,1,1,3,25,29,8,15,0.533,2,3,0.667,2134,0
25,110,1,22,34,0.6470588235294118,199,1,1,77.941,180,290,3,19,3,1,2,2,20,19,3,12,0.25,2,3,0.667,1538,36,172,2,20,28,0.7142857142857143,174,0,0,87.5,151,323,3,23,0,0,0,3,19,22,7,14,0.5,0,0,0.0,2062,0
37,132,1,22,33,0.6666666666666666,223,2,0,105.997,223,355,2,0,1,1,1,6,47,22,9,15,0.6,0,0,0.0,2288,14,60,0,22,36,0.6111111111111112,195,1,0,84.838,182,242,1,13,2,0,0,6,62,14,3,12,0.25,1,1,1.0,1312,1
38,174,0,12,22,0.5454545454545454,131,0,1,53.409,130,304,1,1,2,1,2,6,56,14,4,13,0.308,0,0,0.0,1936,22,82,0,20,39,0.5128205128205128,201,1,2,53.472,201,283,0,0,3,2,4,5,31,16,1,12,0.083,1,2,0.5,1664,1
28,88,0,17,22,0.7727272727272727,189,0,0,102.273,184,272,2,5,0,0,0,4,48,12,2,12,0.167,0,0,0.0,1651,28,103,1,30,37,0.8108108108108109,198,0,2,66.441,182,285,4,16,1,0,2,3,15,20,3,13,0.231,3,3,1.0,1949,0
31,100,2,31,41,0.7560975609756098,340,2,0,115.904,337,437,2,3,0,0,0,1,10,31,8,12,0.667,0,0,0.0,2210,19,95,0,19,34,0.5588235294117647,185,1,0,81.127,171,266,2,14,1,1,1,5,24,14,3,12,0.25,3,4,0.75,1390,1
29,128,2,21,35,0.6,173,1,0,82.202,159,287,2,14,0,0,0,3,44,21,9,18,0.5,1,1,1.0,1702,24,120,1,31,58,0.5344827586206896,369,0,2,58.764,366,486,1,3,0,0,2,6,40,23,3,16,0.188,2,5,0.4,1898,1
36,165,0,27,41,0.6585365853658537,275,2,0,101.169,246,411,5,29,3,1,1,7,55,25,3,14,0.214,1,1,1.0,2471,30,134,1,25,31,0.8064516129032258,200,1,0,104.301,182,316,4,18,2,1,1,4,34,20,4,13,0.308,0,0,0.0,1729,1
24,67,2,30,41,0.7317073170731707,391,3,0,127.185,386,453,2,5,1,0,0,12,80,26,3,11,0.273,3,3,1.0,1953,21,87,0,16,26,0.6153846153846154,157,1,0,91.346,122,209,6,35,0,0,0,7,82,11,4,14,0.286,1,2,0.5,1647,1
37,154,0,16,28,0.5714285714285714,197,1,0,90.923,197,351,0,0,1,0,0,7,30,22,6,12,0.5,0,0,0.0,1975,28,146,0,13,24,0.5416666666666666,167,1,1,72.743,160,306,1,7,0,0,1,6,48,18,3,10,0.3,1,1,1.0,1625,1
25,155,2,20,25,0.8,254,0,2,75.667,254,409,0,0,1,1,3,5,63,15,6,11,0.545,0,0,0.0,1652,32,175,2,18,31,0.5806451612903226,182,1,0,85.685,182,357,0,0,0,0,0,2,20,21,6,13,0.462,1,2,0.5,1948,0
34,121,0,27,41,0.6585365853658537,266,2,1,90.091,230,351,4,36,1,0,1,4,45,24,8,19,0.421,1,2,0.5,2434,8,33,0,18,34,0.5294117647058824,295,2,3,65.196,275,308,3,20,1,1,4,8,68,14,0,7,0.0,1,2,0.5,1166,1
22,90,0,28,39,0.717948717948718,367,3,1,116.079,348,438,4,19,1,1,2,6,42,25,5,10,0.5,0,0,0.0,1853,33,171,2,14,26,0.5384615384615384,178,0,2,43.429,148,319,4,30,1,0,2,4,39,20,4,12,0.333,1,2,0.5,1747,1
34,152,1,25,31,0.8064516129032258,286,2,0,126.613,279,431,1,7,0,0,0,6,65,26,7,11,0.636,0,1,0.0,1926,25,138,2,16,27,0.5925925925925926,223,1,0,98.225,211,349,2,12,1,1,1,4,35,20,6,11,0.545,2,2,1.0,1674,1
29,154,1,16,30,0.5333333333333333,250,2,1,89.583,250,404,0,0,1,1,2,3,15,21,3,10,0.3,0,0,0.0,1756,22,72,0,28,47,0.5957446808510638,335,1,0,88.52,314,386,5,21,3,1,1,4,20,22,5,16,0.312,3,5,0.6,1844,1
34,220,4,20,30,0.6666666666666666,170,3,1,100.694,165,385,1,5,0,0,1,3,43,23,7,13,0.538,1,1,1.0,1721,30,106,0,21,37,0.5675675675675675,233,2,3,59.854,203,309,3,30,2,2,5,6,88,18,4,13,0.308,3,3,1.0,1879,1
25,66,0,21,29,0.7241379310344828,250,1,0,109.842,232,298,2,18,2,0,0,6,84,14,5,14,0.357,0,0,0.0,1795,20,76,0,36,54,0.6666666666666666,281,2,1,83.951,274,350,1,7,1,1,2,4,39,25,8,15,0.533,0,0,0.0,1805,0
38,165,1,11,20,0.55,137,0,2,36.875,137,302,0,0,0,0,2,7,94,17,5,13,0.385,1,1,1.0,1821,22,71,1,22,35,0.6285714285714286,230,1,0,91.369,211,282,4,19,1,1,1,7,60,20,4,12,0.333,1,1,1.0,1779,0
24,102,1,16,27,0.5925925925925926,147,1,0,86.497,130,232,3,17,0,0,0,5,35,14,2,13,0.154,0,0,0.0,1535,22,76,1,28,47,0.5957446808510638,269,0,0,75.576,233,309,4,36,3,2,2,7,61,19,8,17,0.471,0,1,0.0,2065,1
26,136,1,18,33,0.5454545454545454,239,2,1,85.29,227,363,2,12,0,0,1,4,36,23,6,15,0.4,0,0,0.0,1688,25,71,0,26,43,0.6046511627906976,276,1,1,77.277,273,344,2,3,0,0,1,9,98,18,4,15,0.267,3,6,0.5,1912,1
31,127,2,24,39,0.6153846153846154,284,1,2,70.887,277,404,1,7,2,1,3,3,10,21,8,15,0.533,1,2,0.5,1606,37,114,1,20,27,0.7407407407407407,213,1,1,93.596,213,327,0,0,1,1,2,4,25,16,7,15,0.467,0,2,0.0,1994,1
17,22,1,31,41,0.7560975609756098,425,2,0,124.543,394,416,4,31,2,2,2,3,25,23,4,10,0.4,1,2,0.5,1686,30,134,1,27,39,0.6923076923076923,330,3,0,120.673,330,464,0,0,0,0,0,7,51,23,7,15,0.467,1,2,0.5,1914,0
25,60,1,30,42,0.7142857142857143,368,3,0,121.925,368,428,0,0,0,0,0,9,70,22,6,13,0.462,0,1,0.0,1972,20,137,1,25,38,0.6578947368421053,254,2,1,91.338,227,364,4,27,4,3,4,5,50,22,5,10,0.5,0,1,0.0,1628,1
31,253,4,21,31,0.6774193548387096,217,2,0,109.207,184,437,4,33,0,0,0,2,9,27,6,11,0.545,1,1,1.0,1950,24,123,1,23,32,0.71875,216,2,0,110.938,181,304,7,35,2,1,1,5,34,18,4,13,0.308,2,4,0.5,1650,1
20,65,1,22,31,0.7096774193548387,276,1,3,69.489,264,329,2,12,0,0,3,2,15,23,4,8,0.5,0,0,0.0,1621,42,215,1,11,17,0.6470588235294118,104,0,0,81.495,94,309,2,10,2,0,0,5,46,18,4,13,0.308,1,2,0.5,1979,0
19,106,0,27,44,0.6136363636363636,263,4,2,89.489,214,320,6,49,1,0,2,6,38,17,6,17,0.353,1,2,0.5,1787,23,89,0,28,42,0.6666666666666666,352,3,3,86.607,342,431,2,10,0,0,3,4,70,20,6,12,0.5,0,0,0.0,1813,0
14,46,0,21,36,0.5833333333333334,264,3,2,85.88,241,287,3,23,0,0,2,3,35,16,6,13,0.462,1,1,1.0,1244,46,223,2,14,24,0.5833333333333334,120,1,0,85.417,105,328,2,15,1,0,0,6,29,24,6,13,0.462,1,2,0.5,2356,0
36,209,3,17,23,0.7391304347826086,195,2,0,127.989,195,404,0,0,1,1,1,2,15,24,4,9,0.444,1,2,0.5,1960,19,69,0,34,55,0.6181818181818182,253,1,2,63.674,253,322,0,0,2,1,3,8,62,18,4,16,0.25,4,7,0.571,1640,1
23,82,1,39,51,0.7647058823529411,367,1,0,102.328,350,432,4,17,1,0,0,6,40,24,9,18,0.5,1,2,0.5,2378,19,92,0,10,28,0.35714285714285715,145,1,0,65.327,127,219,2,18,1,0,0,6,50,14,3,11,0.273,0,0,0.0,1222,1
22,113,1,28,41,0.6829268292682927,255,0,1,74.746,210,323,6,45,2,1,2,8,48,19,4,14,0.286,1,5,0.2,2011,21,103,2,24,35,0.6857142857142857,235,0,1,75.298,225,328,1,10,1,0,1,8,80,18,3,11,0.273,0,0,0.0,1589,0
14,70,0,31,44,0.7045454545454546,238,1,0,90.909,207,277,3,31,2,1,1,8,79,16,4,13,0.308,0,0,0.0,1619,34,170,1,17,26,0.6538461538461539,217,2,0,116.987,211,381,1,6,0,0,0,7,60,15,6,13,0.462,0,0,0.0,1981,0
24,92,1,34,55,0.6181818181818182,460,4,2,97.538,426,518,7,34,1,1,3,9,74,32,5,15,0.333,0,3,0.0,2000,43,171,0,19,33,0.5757575757575758,182,1,0,83.144,170,341,3,12,3,1,1,11,103,20,6,19,0.316,0,1,0.0,2197,1
33,143,0,18,28,0.6428571428571429,161,1,0,91.518,140,283,3,21,0,0,0,3,32,19,5,15,0.333,2,2,1.0,1988,28,198,0,17,30,0.5666666666666667,138,0,1,54.583,126,324,3,12,4,1,2,3,25,17,5,12,0.417,0,3,0.0,1612,1
29,150,0,25,40,0.625,304,4,0,119.167,296,446,2,8,2,1,1,7,51,29,8,14,0.571,0,0,0.0,1793,25,188,1,17,30,0.5666666666666667,234,2,0,104.028,217,405,2,17,1,0,0,8,51,20,5,14,0.357,1,1,1.0,1807,1
34,134,0,13,19,0.6842105263157895,231,3,0,149.342,214,348,2,17,2,1,1,6,46,17,5,11,0.455,0,1,0.0,1744,39,231,2,13,26,0.5,97,0,0,59.295,89,320,4,8,1,1,1,3,30,21,9,16,0.562,0,1,0.0,1856,1
45,156,3,17,22,0.7727272727272727,179,0,0,100.379,169,325,1,10,0,0,0,7,81,22,12,16,0.75,0,0,0.0,2171,16,21,0,14,23,0.6086956521739131,225,1,0,108.062,188,209,4,37,1,0,0,5,40,12,4,11,0.364,0,0,0.0,1429,1
30,157,1,14,22,0.6363636363636364,152,2,0,114.205,91,248,6,61,4,1,1,6,30,15,5,13,0.385,0,1,0.0,1807,33,112,3,22,37,0.5945945945945946,315,0,2,64.583,309,421,1,6,1,1,3,2,25,20,9,16,0.562,1,2,0.5,1793,0
41,154,1,23,30,0.7666666666666667,256,3,2,107.083,243,397,3,13,0,0,2,2,18,24,9,16,0.562,0,0,0.0,2126,27,192,0,27,42,0.6428571428571429,318,4,1,109.028,311,503,1,7,2,2,3,4,37,26,8,12,0.667,0,0,0.0,1662,0
28,107,0,23,38,0.6052631578947368,252,1,0,88.925,252,359,0,0,0,0,0,6,52,17,5,15,0.333,2,3,0.667,1952,22,50,0,18,35,0.5142857142857142,317,2,1,89.821,287,337,4,30,0,0,1,2,20,18,7,14,0.5,1,1,1.0,1648,1
28,94,1,14,29,0.4827586206896552,129,2,0,83.836,125,219,1,4,1,1,1,4,33,18,4,10,0.4,0,0,0.0,1645,33,189,2,36,41,0.8780487804878049,336,2,0,117.073,313,502,2,23,3,2,2,10,102,33,6,12,0.5,0,0,0.0,2242,0
34,168,2,21,26,0.8076923076923077,197,1,1,95.032,156,324,7,41,3,1,2,4,31,23,4,11,0.364,0,0,0.0,1978,20,73,1,20,36,0.5555555555555556,173,0,3,33.681,167,240,3,6,0,0,3,7,46,13,2,12,0.167,0,0,0.0,1622,1
21,53,0,27,39,0.6923076923076923,200,4,1,104.647,184,237,2,16,1,0,1,4,27,20,5,13,0.385,0,0,0.0,1765,25,92,0,30,44,0.6818181818181818,312,3,2,92.235,304,396,1,8,3,2,4,7,58,25,4,12,0.333,2,3,0.667,1835,1
24,74,2,28,42,0.6666666666666666,313,0,2,68.849,291,365,3,22,0,0,2,3,20,23,4,13,0.308,2,2,1.0,1788,27,127,2,18,26,0.6923076923076923,185,0,1,73.397,157,284,4,28,2,0,1,6,62,17,3,11,0.273,0,0,0.0,1812,1
26,159,0,17,29,0.5862068965517241,249,1,0,98.204,228,387,3,21,4,2,2,6,40,20,1,10,0.1,1,2,0.5,1770,30,128,1,21,32,0.65625,160,0,0,77.604,160,288,0,0,1,0,0,5,30,19,2,10,0.2,1,1,1.0,1830,0
23,97,0,20,38,0.5263157894736842,231,3,1,86.623,211,308,3,20,2,0,1,13,90,18,5,14,0.357,1,1,1.0,1996,32,206,1,13,31,0.41935483870967744,112,0,0,52.083,112,318,0,0,1,1,1,6,30,19,2,13,0.154,0,0,0.0,1604,1
35,138,2,22,30,0.7333333333333333,229,1,1,92.222,207,345,3,22,2,1,2,4,80,27,4,9,0.444,2,2,1.0,2239,17,72,0,12,21,0.5714285714285714,111,1,1,67.758,84,156,5,27,1,0,1,8,76,13,4,11,0.364,0,0,0.0,1361,1
39,147,1,20,31,0.6451612903225806,229,0,0,86.626,218,365,1,11,1,1,1,3,25,19,7,16,0.438,0,0,0.0,2092,20,66,0,19,33,0.5757575757575758,182,0,1,60.417,161,227,3,21,2,1,2,9,64,10,2,13,0.154,1,5,0.2,1508,1
33,115,0,22,33,0.6666666666666666,218,0,0,85.164,212,327,2,6,2,1,1,5,48,17,5,14,0.357,1,4,0.25,1964,34,184,0,9,17,0.5294117647058824,115,1,0,93.995,115,299,0,0,1,0,0,1,6,15,4,12,0.333,0,0,0.0,1636,0
29,80,0,18,28,0.6428571428571429,144,1,1,74.107,129,209,2,15,2,1,2,2,15,11,2,12,0.167,1,4,0.25,1872,31,254,3,15,26,0.5769230769230769,172,2,2,71.314,172,426,1,0,3,1,3,9,72,20,6,11,0.545,1,1,1.0,1728,0
17,45,0,25,42,0.5952380952380952,355,3,0,110.714,336,381,2,19,1,1,1,4,30,22,4,12,0.333,2,3,0.667,1487,43,320,3,15,22,0.6818181818181818,250,1,0,121.402,250,570,0,0,1,0,0,10,74,30,3,9,0.333,1,1,1.0,2113,0
24,73,0,40,52,0.7692307692307693,375,3,2,99.439,369,442,2,6,1,1,3,8,62,28,8,16,0.5,1,1,1.0,2208,16,61,0,21,33,0.6363636363636364,240,2,0,105.619,224,285,4,16,4,1,1,10,82,15,6,13,0.462,0,1,0.0,1392,1
39,152,2,8,15,0.5333333333333333,92,0,1,44.306,92,244,0,0,2,0,1,2,15,14,7,15,0.467,0,0,0.0,1754,34,124,1,15,31,0.4838709677419355,135,0,1,47.11,125,249,2,10,0,0,1,4,45,15,7,16,0.438,1,3,0.333,1846,1
30,70,0,20,32,0.625,218,1,1,79.948,215,285,1,3,2,0,1,4,35,15,5,14,0.357,0,1,0.0,1983,31,184,2,14,23,0.6086956521739131,99,0,2,34.511,88,272,4,11,2,1,3,5,30,16,4,12,0.333,1,2,0.5,1617,1
31,133,0,25,40,0.625,215,1,1,74.479,200,333,2,15,0,0,1,6,35,19,2,14,0.143,3,6,0.5,2102,22,77,1,16,28,0.5714285714285714,224,2,0,106.845,220,297,1,4,0,0,0,5,39,14,3,11,0.273,0,1,0.0,1498,0
19,83,0,34,48,0.7083333333333334,299,3,0,107.899,270,353,4,29,0,0,0,2,14,23,6,13,0.462,0,1,0.0,1847,21,126,1,30,42,0.7142857142857143,334,1,1,92.758,319,445,3,15,2,1,2,7,63,23,3,11,0.273,1,1,1.0,1753,1
33,79,0,25,34,0.7352941176470589,289,3,1,115.931,270,349,2,19,1,1,2,6,51,21,7,13,0.538,0,2,0.0,2015,26,153,2,15,22,0.6818181818181818,234,2,1,114.583,218,371,3,16,0,0,1,4,25,14,4,11,0.364,1,2,0.5,1585,0
31,115,1,27,35,0.7714285714285715,347,3,1,124.345,304,419,6,43,1,0,1,4,36,25,8,15,0.533,1,1,1.0,1938,29,87,1,24,40,0.6,355,2,2,84.896,355,442,0,0,3,2,4,2,10,25,8,14,0.571,2,3,0.667,1662,1
19,58,0,16,30,0.5333333333333333,174,1,3,42.222,143,201,3,31,0,0,3,2,20,13,6,12,0.5,0,0,0.0,1641,27,106,0,26,39,0.6666666666666666,244,1,1,81.571,244,350,0,0,0,0,1,3,35,19,5,14,0.357,2,2,1.0,1959,0
25,79,1,24,38,0.631578947368421,238,1,1,78.618,222,301,2,16,1,0,1,5,40,17,2,14,0.143,3,5,0.6,1920,18,82,1,16,25,0.64,310,1,3,80.833,294,376,2,16,3,1,4,8,62,15,2,7,0.286,1,1,1.0,1680,1
20,104,0,19,35,0.5428571428571428,259,1,4,48.095,219,323,6,40,0,0,4,6,55,18,3,10,0.3,1,3,0.333,1405,36,158,3,24,28,0.8571428571428571,230,2,0,124.702,230,388,0,0,1,0,0,3,6,26,6,10,0.6,1,1,1.0,2195,0
27,121,1,25,46,0.5434782608695652,221,0,1,58.333,204,325,1,17,2,2,3,6,74,16,5,19,0.263,1,1,1.0,1762,30,115,0,32,48,0.6666666666666666,281,1,2,71.615,281,396,0,0,0,0,2,5,30,21,6,17,0.353,1,2,0.5,2217,0
14,69,0,17,29,0.5862068965517241,143,0,3,31.897,104,173,7,39,0,0,3,2,11,10,0,10,0.0,1,4,0.25,1566,32,101,2,24,31,0.7741935483870968,235,0,1,84.745,213,314,4,22,2,1,2,6,60,17,8,18,0.444,1,1,1.0,2034,0
32,87,1,29,41,0.7073170731707317,282,2,2,85.62,274,361,1,8,1,1,3,3,35,26,8,13,0.615,0,0,0.0,2006,24,97,0,20,39,0.5128205128205128,232,1,1,67.468,220,317,2,12,2,1,2,10,124,17,7,16,0.438,1,2,0.5,1594,1
27,126,0,24,40,0.6,222,1,0,83.542,213,339,2,9,0,0,0,8,50,22,4,11,0.364,0,1,0.0,1656,34,132,2,19,26,0.7307692307692307,169,0,0,90.064,166,298,1,3,1,1,1,5,70,20,5,11,0.455,1,2,0.5,1944,0
25,67,1,34,45,0.7555555555555555,432,3,0,127.269,411,478,3,21,1,1,1,8,51,25,4,15,0.267,2,2,1.0,1990,22,74,0,23,37,0.6216216216216216,341,3,1,108.052,326,400,2,15,6,2,3,8,58,22,4,11,0.364,1,2,0.5,1610,1
22,200,0,7,21,0.3333333333333333,75,1,1,40.774,30,230,7,45,1,1,2,3,49,9,3,13,0.231,0,1,0.0,1457,39,265,2,21,29,0.7241379310344828,255,3,0,133.549,239,504,2,16,0,0,0,6,42,26,4,12,0.333,0,1,0.0,2143,0
37,136,1,16,28,0.5714285714285714,143,0,3,31.399,124,260,3,19,0,0,3,5,24,17,7,16,0.438,2,4,0.5,2012,30,146,0,9,18,0.5,169,3,0,122.454,155,301,5,14,0,0,0,3,20,16,4,11,0.364,1,2,0.5,1588,0
27,128,0,17,27,0.6296296296296297,141,1,1,73.225,124,252,2,17,0,0,1,7,60,14,3,12,0.25,2,2,1.0,1704,37,217,2,19,24,0.7916666666666666,177,2,0,125.174,177,394,0,0,1,1,1,3,20,26,4,7,0.571,0,1,0.0,1896,0
24,117,2,26,38,0.6842105263157895,222,1,1,81.25,190,307,4,32,1,1,2,3,23,21,3,12,0.25,1,2,0.5,1986,16,46,1,29,42,0.6904761904761905,328,3,1,106.052,328,374,0,0,1,1,2,5,31,22,2,9,0.222,1,1,1.0,1614,0
29,169,3,22,29,0.7586206896551724,181,0,2,62.572,168,337,2,13,1,0,2,2,30,20,4,12,0.333,0,0,0.0,1770,21,84,0,25,44,0.5681818181818182,211,0,0,69.413,193,277,2,18,1,1,1,7,45,13,6,17,0.353,0,4,0.0,1830,1
21,76,0,20,33,0.6060606060606061,204,2,0,98.548,173,249,3,31,0,0,0,6,39,14,5,13,0.385,0,1,0.0,1572,27,86,1,24,40,0.6,265,2,2,75.521,247,333,2,18,0,0,2,9,71,21,4,14,0.286,2,3,0.667,2028,1
35,129,1,20,24,0.8333333333333334,229,0,1,89.062,184,313,7,45,0,0,1,3,20,19,7,16,0.438,1,1,1.0,2224,15,67,0,18,32,0.5625,274,1,1,82.031,246,313,6,28,2,0,1,8,49,11,3,12,0.25,0,2,0.0,1376,1
41,198,0,15,27,0.5555555555555556,168,1,0,86.651,153,351,2,15,0,0,0,6,43,22,10,16,0.625,0,0,0.0,2054,28,120,0,14,21,0.6666666666666666,130,1,1,79.464,120,240,1,10,0,0,1,4,30,15,5,12,0.417,0,0,0.0,1546,1
38,198,0,18,29,0.6206896551724138,183,2,0,103.089,148,346,4,35,2,0,0,5,25,20,5,15,0.333,1,2,0.5,2018,17,75,0,23,46,0.5,240,0,2,47.373,204,279,4,36,1,1,3,2,10,20,4,13,0.308,0,2,0.0,1582,1
27,170,2,22,35,0.6285714285714286,284,2,1,95.417,284,454,0,0,0,0,1,9,71,27,4,8,0.5,0,0,0.0,1867,32,135,1,23,34,0.6764705882352942,365,3,2,108.088,365,500,0,0,1,0,2,6,49,29,4,10,0.4,0,1,0.0,1920,1
20,102,0,22,35,0.6285714285714286,262,2,3,68.988,244,346,2,18,3,1,4,6,35,18,5,12,0.417,1,2,0.5,1556,33,163,2,17,27,0.6296296296296297,168,1,0,92.824,152,315,1,16,0,0,0,3,30,20,7,12,0.583,0,1,0.0,2044,0
31,192,2,24,31,0.7741935483870968,239,2,0,120.228,239,431,0,0,0,0,0,2,19,22,8,13,0.615,0,0,0.0,1912,26,166,1,11,19,0.5789473684210527,132,0,0,79.276,111,277,3,21,1,1,1,3,22,12,4,11,0.364,0,0,0.0,1688,1
25,99,0,22,36,0.6111111111111112,219,1,1,76.042,180,279,6,39,2,1,2,6,47,21,8,16,0.5,0,2,0.0,2053,28,168,3,18,26,0.6923076923076923,202,1,0,104.968,181,349,2,21,0,0,0,5,43,21,5,9,0.556,0,0,0.0,1547,0
14,19,0,20,32,0.625,212,1,0,92.188,203,222,1,9,1,1,1,4,25,13,5,11,0.455,0,0,0.0,1428,39,147,0,20,29,0.6896551724137931,179,1,1,82.399,165,312,4,14,2,1,2,6,40,19,6,17,0.353,2,3,0.667,2172,1
25,90,0,19,31,0.6129032258064516,254,3,1,106.116,237,327,2,17,2,2,3,2,20,18,7,12,0.583,0,0,0.0,1643,23,107,0,26,40,0.65,243,3,3,75.313,234,341,1,9,1,0,3,2,20,20,4,13,0.308,2,2,1.0,1957,1
20,55,1,25,42,0.5952380952380952,215,1,0,80.952,202,257,2,13,1,1,1,3,35,15,5,15,0.333,0,1,0.0,1879,27,110,1,19,44,0.4318181818181818,286,0,2,46.212,276,386,4,10,2,2,4,5,22,20,6,16,0.375,0,2,0.0,1721,1
20,86,0,22,34,0.6470588235294118,136,2,0,92.279,136,222,0,0,1,1,1,3,30,12,6,13,0.462,0,1,0.0,1511,35,174,1,19,30,0.6333333333333333,224,2,0,108.194,208,382,2,16,1,1,1,2,18,22,6,15,0.4,3,3,1.0,2089,0
32,143,0,15,25,0.6,171,1,0,93.917,161,304,1,10,1,1,1,2,15,16,4,13,0.308,0,1,0.0,1745,41,171,0,5,15,0.3333333333333333,43,0,2,2.778,32,203,2,11,3,0,2,2,20,14,8,14,0.571,0,0,0.0,1855,0
22,118,1,13,27,0.48148148148148145,147,1,2,46.373,141,259,1,6,0,0,2,2,20,13,2,9,0.222,0,3,0.0,1404,38,141,2,28,33,0.8484848484848485,341,1,1,107.197,341,482,0,0,2,1,2,8,41,28,6,11,0.545,0,0,0.0,2196,0
22,134,0,19,29,0.6551724137931034,230,2,2,83.98,173,307,7,57,1,0,2,9,65,18,5,12,0.417,1,2,0.5,1744,37,148,2,13,29,0.4482758620689655,195,1,0,78.951,189,337,1,6,3,1,1,4,20,23,9,15,0.6,0,0,0.0,1856,0
33,196,1,23,35,0.6571428571428571,209,2,2,76.964,202,398,2,7,4,1,3,2,10,25,4,13,0.308,2,3,0.667,2033,23,59,0,24,40,0.6,311,3,2,88.646,301,360,1,10,2,1,3,7,41,18,5,14,0.357,2,2,1.0,1567,0
20,38,0,18,33,0.5454545454545454,149,0,0,66.351,149,187,0,0,2,0,0,6,54,11,7,16,0.438,0,0,0.0,1475,32,162,0,20,31,0.6451612903225806,152,0,0,76.277,140,302,1,12,1,0,0,5,47,17,4,13,0.308,1,2,0.5,2125,0
20,61,1,20,27,0.7407407407407407,209,1,3,68.827,194,255,3,15,1,1,4,7,50,11,4,10,0.4,0,2,0.0,1546,37,169,2,15,20,0.75,178,3,0,141.25,142,311,4,36,0,0,0,2,10,21,6,13,0.462,0,1,0.0,2054,0
41,151,1,11,19,0.5789473684210527,169,1,1,83.004,158,309,3,11,1,0,1,2,10,16,3,14,0.214,0,0,0.0,2172,27,64,0,14,38,0.3684210526315789,128,1,1,44.627,118,182,1,10,2,1,2,6,74,10,4,18,0.222,1,3,0.333,1428,1
36,205,1,13,24,0.5416666666666666,283,3,1,118.576,266,471,2,17,3,1,2,3,36,22,5,12,0.417,1,1,1.0,1863,22,59,0,30,44,0.6818181818181818,298,3,0,109.848,293,352,1,5,3,2,2,5,34,21,7,14,0.5,0,0,0.0,1737,1
34,135,1,20,35,0.5714285714285714,229,0,1,65.06,207,342,3,22,0,0,1,4,30,23,5,14,0.357,0,0,0.0,1886,21,129,1,23,40,0.575,168,1,0,75.833,155,284,2,13,0,0,0,8,66,18,4,14,0.286,2,3,0.667,1714,1
36,197,0,19,31,0.6129032258064516,213,1,2,65.659,205,402,3,8,0,0,2,4,20,22,1,11,0.091,1,1,1.0,2131,28,146,1,13,26,0.5,147,0,1,51.282,123,269,5,24,0,0,1,3,35,14,4,14,0.286,1,1,1.0,1795,1
28,103,0,17,27,0.6296296296296297,205,1,1,83.102,188,291,2,17,1,1,2,4,35,17,4,12,0.333,1,2,0.5,1935,25,104,2,23,34,0.6764705882352942,224,0,0,85.907,219,323,1,5,1,0,0,5,75,21,4,12,0.333,2,2,1.0,1665,0
25,104,1,25,35,0.7142857142857143,253,2,1,98.869,228,332,3,25,1,1,2,5,30,22,6,13,0.462,1,1,1.0,1634,33,181,1,18,30,0.6,332,3,0,131.528,324,505,1,8,0,0,0,3,28,24,6,11,0.545,0,0,0.0,1966,0
21,117,0,28,47,0.5957446808510638,288,4,4,70.168,273,390,2,15,1,1,5,3,30,24,2,10,0.2,2,3,0.667,1641,23,67,2,25,43,0.5813953488372093,273,1,0,84.738,253,320,3,20,1,0,0,7,42,18,8,17,0.471,0,0,0.0,1959,1
26,107,1,23,39,0.5897435897435898,352,3,2,93.109,316,423,7,36,4,1,3,2,13,25,9,16,0.562,0,1,0.0,1933,20,42,1,18,45,0.4,220,1,2,44.676,189,231,4,31,0,0,2,7,34,16,4,16,0.25,1,2,0.5,1667,1
16,61,1,32,40,0.8,271,2,0,111.562,271,332,0,0,1,0,0,3,12,21,4,10,0.4,1,2,0.5,1584,30,142,2,24,35,0.6857142857142857,301,2,0,114.107,289,431,3,12,1,0,0,5,45,28,7,13,0.538,2,2,1.0,2016,0
18,51,1,23,32,0.71875,209,1,0,99.609,183,234,4,26,2,1,1,7,42,18,7,13,0.538,0,0,0.0,1654,35,155,0,17,29,0.5862068965517241,226,2,1,92.026,209,364,2,17,2,1,2,4,36,23,3,11,0.273,2,3,0.667,1946,1
35,128,1,25,33,0.7575757575757576,305,4,0,143.308,297,425,1,8,0,0,0,2,15,26,7,13,0.538,2,2,1.0,2130,12,52,0,35,66,0.5303030303030303,351,2,1,72.222,334,386,2,17,2,0,1,3,34,24,10,18,0.556,1,3,0.333,1470,1
19,144,1,24,39,0.6153846153846154,217,1,1,74.412,205,349,2,12,1,1,2,5,40,20,7,13,0.538,0,0,0.0,1499,30,144,0,27,37,0.7297297297297297,218,3,0,114.471,218,362,0,0,0,0,0,3,30,23,6,12,0.5,0,0,0.0,2101,0
44,268,3,16,24,0.6666666666666666,154,2,0,112.153,148,416,1,6,1,0,0,5,25,26,10,14,0.714,0,0,0.0,2143,20,118,1,15,27,0.5555555555555556,135,0,1,53.781,109,227,5,26,1,0,1,1,5,13,5,13,0.385,1,3,0.333,1457,1
34,172,1,23,36,0.6388888888888888,242,2,0,101.852,240,412,1,2,0,0,0,2,9,30,6,10,0.6,0,0,0.0,2034,19,63,1,25,42,0.5952380952380952,265,0,1,68.056,262,325,1,3,0,0,1,8,60,18,4,12,0.333,2,3,0.667,1566,1
32,113,1,19,29,0.6551724137931034,214,0,0,87.428,199,312,2,15,1,1,1,3,30,21,7,14,0.5,0,0,0.0,1973,22,76,0,23,37,0.6216216216216216,206,1,2,63.57,206,282,1,0,0,0,2,7,50,15,5,15,0.333,2,2,1.0,1627,1
24,81,1,11,18,0.6111111111111112,97,0,0,75.463,83,164,3,14,3,3,3,11,81,11,2,8,0.25,0,2,0.0,1354,44,148,4,15,25,0.6,121,0,0,72.25,121,269,1,0,0,0,0,4,34,25,5,15,0.333,3,3,1.0,2246,0
17,71,1,26,41,0.6341463414634146,270,1,2,70.173,238,309,5,32,0,0,2,9,71,18,6,14,0.429,1,1,1.0,1629,20,42,0,29,43,0.6744186046511628,326,2,0,105.378,315,357,3,11,2,1,1,4,55,23,7,14,0.5,1,1,1.0,1971,0